Transcription Factor,Position,Pattern,Direction
TATA-box,283,TATAAA,forward
TATA-box,325,TATAAA,forward
TATA-box,1255,TTTATA,reverse
TATA-box,114,TATAAG,forward
TATA-box,1659,TATAAG,forward
TATA-box,281,GTTATA,reverse
CAAT-box,1812,CCAAT,forward
CAAT-box,504,ATTGG,reverse
CAAT-box,504,ATTGG,forward
CAAT-box,1812,CCAAT,reverse
GC-box,750,GGGCGG,forward
GC-box,1267,GGGCGG,forward
GC-box,1784,GGGCGG,forward
GC-box,1855,GGGCGG,forward
GC-box,1886,CCGCCC,reverse
GC-box,1886,CCGCCC,forward
GC-box,750,GGGCGG,reverse
GC-box,1267,GGGCGG,reverse
GC-box,1784,GGGCGG,reverse
GC-box,1855,GGGCGG,reverse
E-box,22,CAAATG,forward
E-box,387,CAGATG,forward
E-box,410,CACTTG,forward
E-box,450,CACGTG,forward
E-box,1154,CATCTG,forward
E-box,1799,CACCTG,forward
E-box,2374,CACTTG,forward
E-box,22,CAAATG,reverse
E-box,387,CAGATG,reverse
E-box,410,CACTTG,reverse
E-box,450,CACGTG,reverse
E-box,1154,CATCTG,reverse
E-box,1799,CACCTG,reverse
E-box,2374,CACTTG,reverse
E-box,450,CACGTG,forward
E-box,450,CACGTG,reverse
E-box,1799,CACCTG,reverse
E-box,410,CACTTG,reverse
E-box,2374,CACTTG,reverse
E-box,1154,CATCTG,forward
E-box,387,CAGATG,reverse
E-box,1799,CACCTG,forward
E-box,22,CAAATG,forward
AP-1,577,TGAGTCA,forward
AP-1,577,TGAGTCA,reverse
NF-kB,1788,GGGGCCTCCC,forward
NF-kB,1788,GGGGCCTCCC,reverse
SP1,750,GGGCGG,forward
SP1,1267,GGGCGG,forward
SP1,1784,GGGCGG,forward
SP1,1855,GGGCGG,forward
SP1,1886,CCGCCC,reverse
SP1,1886,CCGCCC,forward
SP1,750,GGGCGG,reverse
SP1,1267,GGGCGG,reverse
SP1,1784,GGGCGG,reverse
SP1,1855,GGGCGG,reverse
GATA,1399,TGATAA,forward
GATA,2308,AGATAG,forward
GATA,2330,AGATAA,forward
GATA,1321,CTATCT,reverse
GATA,1723,TTATCT,reverse
GATA,29,GATA,forward
GATA,1354,GATA,forward
GATA,1400,GATA,forward
GATA,2309,GATA,forward
GATA,2331,GATA,forward
GATA,76,TATC,reverse
GATA,236,TATC,reverse
GATA,439,TATC,reverse
GATA,1098,TATC,reverse
GATA,1322,TATC,reverse
GATA,1356,TATC,reverse
GATA,1724,TATC,reverse
GATA,1751,TATC,reverse
GATA,1400,GATAA,forward
GATA,2331,GATAA,forward
GATA,438,TTATC,reverse
GATA,1723,TTATC,reverse
GATA,2309,GATAG,forward
GATA,235,CTATC,reverse
GATA,1321,CTATC,reverse
GATA,1750,CTATC,reverse
HRE,451,ACGTG,forward
HRE,837,GCGTG,forward
HRE,890,GCGTG,forward
HRE,1311,ACGTG,forward
HRE,1930,ACGTG,forward
HRE,450,CACGT,reverse
HRE,714,CACGC,reverse
STAT,126,TTCAAGGAA,forward
STAT,1072,TTCTTTGAA,forward
STAT,126,TTCAAGGAA,reverse
STAT,1072,TTCTTTGAA,reverse
NFAT,131,GGAAA,forward
NFAT,547,GGAAA,forward
NFAT,1298,GGAAA,forward
NFAT,2157,GGAAA,forward
NFAT,2227,TTTCC,reverse
NFAT,2227,TTTCC,forward
NFAT,131,GGAAA,reverse
NFAT,547,GGAAA,reverse
NFAT,1298,GGAAA,reverse
NFAT,2157,GGAAA,reverse
ETS,131,GGAA,forward
ETS,177,GGAA,forward
ETS,427,GGAA,forward
ETS,547,GGAA,forward
ETS,601,GGAA,forward
ETS,629,GGAA,forward
ETS,657,GGAA,forward
ETS,1019,GGAA,forward
ETS,1276,GGAA,forward
ETS,1298,GGAA,forward
ETS,1342,GGAA,forward
ETS,1758,GGAA,forward
ETS,1762,GGAA,forward
ETS,1981,GGAA,forward
ETS,2055,GGAA,forward
ETS,2157,GGAA,forward
ETS,2217,GGAA,forward
ETS,499,TTCC,reverse
ETS,1678,TTCC,reverse
ETS,1719,TTCC,reverse
ETS,2129,TTCC,reverse
ETS,2228,TTCC,reverse
ETS,2319,TTCC,reverse
ETS,499,TTCC,forward
ETS,1678,TTCC,forward
ETS,1719,TTCC,forward
ETS,2129,TTCC,forward
ETS,2228,TTCC,forward
ETS,2319,TTCC,forward
ETS,131,GGAA,reverse
ETS,177,GGAA,reverse
ETS,427,GGAA,reverse
ETS,547,GGAA,reverse
ETS,601,GGAA,reverse
ETS,629,GGAA,reverse
ETS,657,GGAA,reverse
ETS,1019,GGAA,reverse
ETS,1276,GGAA,reverse
ETS,1298,GGAA,reverse
ETS,1342,GGAA,reverse
ETS,1758,GGAA,reverse
ETS,1762,GGAA,reverse
ETS,1981,GGAA,reverse
ETS,2055,GGAA,reverse
ETS,2157,GGAA,reverse
ETS,2217,GGAA,reverse
IRF,52,GAAATG,forward
IRF,132,GAAATA,forward
IRF,148,GAAATA,forward
IRF,310,GAAATA,forward
IRF,548,GAAAAA,forward
IRF,685,GAAAAA,forward
IRF,798,GAAACC,forward
IRF,1078,GAAAAG,forward
IRF,1145,GAAATT,forward
IRF,1285,GAAAGA,forward
IRF,1299,GAAATT,forward
IRF,1468,GAAAAG,forward
IRF,2158,GAAAAC,forward
IRF,105,CTTTTC,reverse
IRF,292,ACTTTC,reverse
IRF,331,ATTTTC,reverse
IRF,2115,TCTTTC,reverse
IRF,2225,TTTTTC,reverse
IRF,2324,TGTTTC,reverse
IRF,1140,AAAGAGAAA,forward
IRF,333,TTTCTTTTT,reverse
IRF,1139,TAAAGAGAAA,forward
IRF,333,TTTCTTTTTA,reverse
CREB,445,TGACG,forward
CREB,1928,TGACG,forward
CREB,445,TGACG,reverse
CREB,1928,TGACG,reverse
YY1,1292,AAGATGG,reverse
YY1,2057,AACATGG,reverse
YY1,103,ATCTTT,reverse
AP-2,1850,GCCCTGGGC,forward
AP-2,1948,GCCTATGGC,forward
AP-2,1850,GCCCTGGGC,reverse
AP-2,1948,GCCTATGGC,reverse
AP-2,1942,GCCTCGGC,forward
AP-2,1942,GCCTCGGC,reverse
P53,2403,AGACATGTCC,forward
P53,2415,AGACTTGTCT,forward
P53,2403,AGACATGTCC,reverse
P53,2415,AGACTTGTCT,reverse
P53,2403,AGACATGTCC,forward
P53,2403,AGACATGTCC,reverse
MYC,450,CACGTG,forward
MYC,450,CACGTG,reverse
HSF,5,AGAAT,forward
HSF,15,AGAAG,forward
HSF,156,AGAAT,forward
HSF,271,AGAAG,forward
HSF,309,AGAAA,forward
HSF,370,AGAAG,forward
HSF,884,AGAAT,forward
HSF,1002,AGAAG,forward
HSF,1047,AGAAT,forward
HSF,1082,AGAAA,forward
HSF,1090,AGAAC,forward
HSF,1144,AGAAA,forward
HSF,1230,AGAAT,forward
HSF,1290,AGAAG,forward
HSF,1308,AGAAC,forward
HSF,1369,AGAAG,forward
HSF,1467,AGAAA,forward
HSF,1603,AGAAC,forward
HSF,2466,AGAAT,forward
HSF,90,CTTCT,reverse
HSF,333,TTTCT,reverse
HSF,343,ATTCT,reverse
HSF,363,CTTCT,reverse
HSF,434,GTTCT,reverse
HSF,1071,ATTCT,reverse
HSF,1125,GTTCT,reverse
HSF,1419,ATTCT,reverse
HSF,2117,TTTCT,reverse
HSF,90,CTTCT,forward
HSF,333,TTTCT,forward
HSF,343,ATTCT,forward
HSF,363,CTTCT,forward
HSF,434,GTTCT,forward
HSF,1071,ATTCT,forward
HSF,1125,GTTCT,forward
HSF,1419,ATTCT,forward
HSF,2117,TTTCT,forward
HSF,5,AGAAT,reverse
HSF,15,AGAAG,reverse
HSF,156,AGAAT,reverse
HSF,271,AGAAG,reverse
HSF,309,AGAAA,reverse
HSF,370,AGAAG,reverse
HSF,884,AGAAT,reverse
HSF,1002,AGAAG,reverse
HSF,1047,AGAAT,reverse
HSF,1082,AGAAA,reverse
HSF,1090,AGAAC,reverse
HSF,1144,AGAAA,reverse
HSF,1230,AGAAT,reverse
HSF,1290,AGAAG,reverse
HSF,1308,AGAAC,reverse
HSF,1369,AGAAG,reverse
HSF,1467,AGAAA,reverse
HSF,1603,AGAAC,reverse
HSF,2466,AGAAT,reverse
