Transcription Factor,Position,Pattern
TATA-box,1577,TATAAA
TATA-box,1855,TATAAA
TATA-box,3289,TATAAA
TATA-box,5606,TATAAA
TATA-box,5704,TATAAA
TATA-box,7527,TATAAA
TATA-box,9284,TATAAA
TATA-box,9747,TATAAA
TATA-box,10477,TATAAA
TATA-box,17105,TATAAA
TATA-box,19931,TATAAA
TATA-box,23907,TATAAA
TATA-box,24651,TATAAA
TATA-box,25727,TATAAA
TATA-box,26860,TATAAA
TATA-box,28122,TATAAA
TATA-box,28137,TATAAA
TATA-box,28601,TATAAA
TATA-box,30326,TATAAA
TATA-box,30340,TATAAA
TATA-box,36062,TATAAA
TATA-box,37206,TATAAA
TATA-box,37815,TATAAA
TATA-box,38726,TATAAA
TATA-box,43895,TATAAA
TATA-box,48688,TATAAA
TATA-box,49954,TATAAA
TATA-box,53599,TATAAA
TATA-box,11,TTTATA (rev)
TATA-box,1575,TTTATA (rev)
TATA-box,2727,TTTATA (rev)
TATA-box,2747,TTTATA (rev)
TATA-box,2819,TTTATA (rev)
TATA-box,5260,TTTATA (rev)
TATA-box,5363,TTTATA (rev)
TATA-box,5862,TTTATA (rev)
TATA-box,6108,TTTATA (rev)
TATA-box,6189,TTTATA (rev)
TATA-box,7892,TTTATA (rev)
TATA-box,8080,TTTATA (rev)
TATA-box,8130,TTTATA (rev)
TATA-box,8277,TTTATA (rev)
TATA-box,8730,TTTATA (rev)
TATA-box,8941,TTTATA (rev)
TATA-box,9005,TTTATA (rev)
TATA-box,9012,TTTATA (rev)
TATA-box,9282,TTTATA (rev)
TATA-box,10315,TTTATA (rev)
TATA-box,10682,TTTATA (rev)
TATA-box,12472,TTTATA (rev)
TATA-box,13195,TTTATA (rev)
TATA-box,13563,TTTATA (rev)
TATA-box,13729,TTTATA (rev)
TATA-box,19929,TTTATA (rev)
TATA-box,23905,TTTATA (rev)
TATA-box,24145,TTTATA (rev)
TATA-box,24697,TTTATA (rev)
TATA-box,28990,TTTATA (rev)
TATA-box,29638,TTTATA (rev)
TATA-box,31330,TTTATA (rev)
TATA-box,31563,TTTATA (rev)
TATA-box,32519,TTTATA (rev)
TATA-box,33248,TTTATA (rev)
TATA-box,33424,TTTATA (rev)
TATA-box,33967,TTTATA (rev)
TATA-box,38998,TTTATA (rev)
TATA-box,39353,TTTATA (rev)
TATA-box,41870,TTTATA (rev)
TATA-box,46308,TTTATA (rev)
TATA-box,51768,TTTATA (rev)
TATA-box,54769,TTTATA (rev)
TATA-box,55284,TTTATA (rev)
TATA-box,112,TATATA
TATA-box,597,TATATA
TATA-box,3550,TATATA
TATA-box,5365,TATATA
TATA-box,5702,TATATA
TATA-box,8040,TATATA
TATA-box,8097,TATATA
TATA-box,8965,TATATA
TATA-box,9569,TATATA
TATA-box,9745,TATATA
TATA-box,9789,TATATA
TATA-box,9975,TATATA
TATA-box,12466,TATATA
TATA-box,14573,TATATA
TATA-box,16908,TATATA
TATA-box,24112,TATATA
TATA-box,28106,TATATA
TATA-box,30338,TATATA
TATA-box,32964,TATATA
TATA-box,33312,TATATA
TATA-box,33462,TATATA
TATA-box,34135,TATATA
TATA-box,36045,TATATA
TATA-box,36047,TATATA
TATA-box,36049,TATATA
TATA-box,36056,TATATA
TATA-box,36058,TATATA
TATA-box,36060,TATATA
TATA-box,37099,TATATA
TATA-box,37112,TATATA
TATA-box,38081,TATATA
TATA-box,38626,TATATA
TATA-box,38935,TATATA
TATA-box,38937,TATATA
TATA-box,38970,TATATA
TATA-box,38984,TATATA
TATA-box,54122,TATATA
TATA-box,112,TATATA (rev)
TATA-box,597,TATATA (rev)
TATA-box,3550,TATATA (rev)
TATA-box,5365,TATATA (rev)
TATA-box,5702,TATATA (rev)
TATA-box,8040,TATATA (rev)
TATA-box,8097,TATATA (rev)
TATA-box,8965,TATATA (rev)
TATA-box,9569,TATATA (rev)
TATA-box,9745,TATATA (rev)
TATA-box,9789,TATATA (rev)
TATA-box,9975,TATATA (rev)
TATA-box,12466,TATATA (rev)
TATA-box,14573,TATATA (rev)
TATA-box,16908,TATATA (rev)
TATA-box,24112,TATATA (rev)
TATA-box,28106,TATATA (rev)
TATA-box,30338,TATATA (rev)
TATA-box,32964,TATATA (rev)
TATA-box,33312,TATATA (rev)
TATA-box,33462,TATATA (rev)
TATA-box,34135,TATATA (rev)
TATA-box,36045,TATATA (rev)
TATA-box,36047,TATATA (rev)
TATA-box,36049,TATATA (rev)
TATA-box,36056,TATATA (rev)
TATA-box,36058,TATATA (rev)
TATA-box,36060,TATATA (rev)
TATA-box,37099,TATATA (rev)
TATA-box,37112,TATATA (rev)
TATA-box,38081,TATATA (rev)
TATA-box,38626,TATATA (rev)
TATA-box,38935,TATATA (rev)
TATA-box,38937,TATATA (rev)
TATA-box,38970,TATATA (rev)
TATA-box,38984,TATATA (rev)
TATA-box,54122,TATATA (rev)
CAAT-box,818,CCAAT
CAAT-box,2679,CCAAT
CAAT-box,4540,CCAAT
CAAT-box,4877,CCAAT
CAAT-box,6874,CCAAT
CAAT-box,7179,CCAAT
CAAT-box,7882,CCAAT
CAAT-box,7961,CCAAT
CAAT-box,10787,CCAAT
CAAT-box,13191,CCAAT
CAAT-box,17552,CCAAT
CAAT-box,17568,CCAAT
CAAT-box,18113,CCAAT
CAAT-box,19333,CCAAT
CAAT-box,19467,CCAAT
CAAT-box,19570,CCAAT
CAAT-box,21784,CCAAT
CAAT-box,22037,CCAAT
CAAT-box,23546,CCAAT
CAAT-box,25456,CCAAT
CAAT-box,26737,CCAAT
CAAT-box,26911,CCAAT
CAAT-box,29142,CCAAT
CAAT-box,29239,CCAAT
CAAT-box,30696,CCAAT
CAAT-box,31551,CCAAT
CAAT-box,31860,CCAAT
CAAT-box,33634,CCAAT
CAAT-box,34664,CCAAT
CAAT-box,34879,CCAAT
CAAT-box,34899,CCAAT
CAAT-box,40479,CCAAT
CAAT-box,41647,CCAAT
CAAT-box,42810,CCAAT
CAAT-box,46101,CCAAT
CAAT-box,46981,CCAAT
CAAT-box,47376,CCAAT
CAAT-box,49216,CCAAT
CAAT-box,50802,CCAAT
CAAT-box,52972,CCAAT
CAAT-box,57211,CCAAT
CAAT-box,57601,CCAAT
CAAT-box,548,ATTGG (rev)
CAAT-box,1065,ATTGG (rev)
CAAT-box,1981,ATTGG (rev)
CAAT-box,2231,ATTGG (rev)
CAAT-box,3085,ATTGG (rev)
CAAT-box,3440,ATTGG (rev)
CAAT-box,4226,ATTGG (rev)
CAAT-box,8025,ATTGG (rev)
CAAT-box,8296,ATTGG (rev)
CAAT-box,8571,ATTGG (rev)
CAAT-box,8925,ATTGG (rev)
CAAT-box,11504,ATTGG (rev)
CAAT-box,14781,ATTGG (rev)
CAAT-box,15441,ATTGG (rev)
CAAT-box,17133,ATTGG (rev)
CAAT-box,17482,ATTGG (rev)
CAAT-box,18735,ATTGG (rev)
CAAT-box,21096,ATTGG (rev)
CAAT-box,22405,ATTGG (rev)
CAAT-box,22717,ATTGG (rev)
CAAT-box,23386,ATTGG (rev)
CAAT-box,23653,ATTGG (rev)
CAAT-box,26680,ATTGG (rev)
CAAT-box,30045,ATTGG (rev)
CAAT-box,30766,ATTGG (rev)
CAAT-box,30901,ATTGG (rev)
CAAT-box,34496,ATTGG (rev)
CAAT-box,37121,ATTGG (rev)
CAAT-box,38824,ATTGG (rev)
CAAT-box,39690,ATTGG (rev)
CAAT-box,41219,ATTGG (rev)
CAAT-box,43572,ATTGG (rev)
CAAT-box,45555,ATTGG (rev)
CAAT-box,45590,ATTGG (rev)
CAAT-box,45892,ATTGG (rev)
CAAT-box,45993,ATTGG (rev)
CAAT-box,46202,ATTGG (rev)
CAAT-box,46321,ATTGG (rev)
CAAT-box,47004,ATTGG (rev)
CAAT-box,47429,ATTGG (rev)
CAAT-box,47892,ATTGG (rev)
CAAT-box,47915,ATTGG (rev)
CAAT-box,48992,ATTGG (rev)
CAAT-box,49240,ATTGG (rev)
CAAT-box,49287,ATTGG (rev)
CAAT-box,51271,ATTGG (rev)
CAAT-box,51338,ATTGG (rev)
CAAT-box,51966,ATTGG (rev)
CAAT-box,52568,ATTGG (rev)
CAAT-box,53029,ATTGG (rev)
CAAT-box,54792,ATTGG (rev)
CAAT-box,55676,ATTGG (rev)
CAAT-box,55920,ATTGG (rev)
CAAT-box,548,ATTGG
CAAT-box,1065,ATTGG
CAAT-box,1981,ATTGG
CAAT-box,2231,ATTGG
CAAT-box,3085,ATTGG
CAAT-box,3440,ATTGG
CAAT-box,4226,ATTGG
CAAT-box,8025,ATTGG
CAAT-box,8296,ATTGG
CAAT-box,8571,ATTGG
CAAT-box,8925,ATTGG
CAAT-box,11504,ATTGG
CAAT-box,14781,ATTGG
CAAT-box,15441,ATTGG
CAAT-box,17133,ATTGG
CAAT-box,17482,ATTGG
CAAT-box,18735,ATTGG
CAAT-box,21096,ATTGG
CAAT-box,22405,ATTGG
CAAT-box,22717,ATTGG
CAAT-box,23386,ATTGG
CAAT-box,23653,ATTGG
CAAT-box,26680,ATTGG
CAAT-box,30045,ATTGG
CAAT-box,30766,ATTGG
CAAT-box,30901,ATTGG
CAAT-box,34496,ATTGG
CAAT-box,37121,ATTGG
CAAT-box,38824,ATTGG
CAAT-box,39690,ATTGG
CAAT-box,41219,ATTGG
CAAT-box,43572,ATTGG
CAAT-box,45555,ATTGG
CAAT-box,45590,ATTGG
CAAT-box,45892,ATTGG
CAAT-box,45993,ATTGG
CAAT-box,46202,ATTGG
CAAT-box,46321,ATTGG
CAAT-box,47004,ATTGG
CAAT-box,47429,ATTGG
CAAT-box,47892,ATTGG
CAAT-box,47915,ATTGG
CAAT-box,48992,ATTGG
CAAT-box,49240,ATTGG
CAAT-box,49287,ATTGG
CAAT-box,51271,ATTGG
CAAT-box,51338,ATTGG
CAAT-box,51966,ATTGG
CAAT-box,52568,ATTGG
CAAT-box,53029,ATTGG
CAAT-box,54792,ATTGG
CAAT-box,55676,ATTGG
CAAT-box,55920,ATTGG
CAAT-box,818,CCAAT (rev)
CAAT-box,2679,CCAAT (rev)
CAAT-box,4540,CCAAT (rev)
CAAT-box,4877,CCAAT (rev)
CAAT-box,6874,CCAAT (rev)
CAAT-box,7179,CCAAT (rev)
CAAT-box,7882,CCAAT (rev)
CAAT-box,7961,CCAAT (rev)
CAAT-box,10787,CCAAT (rev)
CAAT-box,13191,CCAAT (rev)
CAAT-box,17552,CCAAT (rev)
CAAT-box,17568,CCAAT (rev)
CAAT-box,18113,CCAAT (rev)
CAAT-box,19333,CCAAT (rev)
CAAT-box,19467,CCAAT (rev)
CAAT-box,19570,CCAAT (rev)
CAAT-box,21784,CCAAT (rev)
CAAT-box,22037,CCAAT (rev)
CAAT-box,23546,CCAAT (rev)
CAAT-box,25456,CCAAT (rev)
CAAT-box,26737,CCAAT (rev)
CAAT-box,26911,CCAAT (rev)
CAAT-box,29142,CCAAT (rev)
CAAT-box,29239,CCAAT (rev)
CAAT-box,30696,CCAAT (rev)
CAAT-box,31551,CCAAT (rev)
CAAT-box,31860,CCAAT (rev)
CAAT-box,33634,CCAAT (rev)
CAAT-box,34664,CCAAT (rev)
CAAT-box,34879,CCAAT (rev)
CAAT-box,34899,CCAAT (rev)
CAAT-box,40479,CCAAT (rev)
CAAT-box,41647,CCAAT (rev)
CAAT-box,42810,CCAAT (rev)
CAAT-box,46101,CCAAT (rev)
CAAT-box,46981,CCAAT (rev)
CAAT-box,47376,CCAAT (rev)
CAAT-box,49216,CCAAT (rev)
CAAT-box,50802,CCAAT (rev)
CAAT-box,52972,CCAAT (rev)
CAAT-box,57211,CCAAT (rev)
CAAT-box,57601,CCAAT (rev)
GC-box,499,GGGCGG
GC-box,7454,GGGCGG
GC-box,23111,GGGCGG
GC-box,23126,GGGCGG
GC-box,42039,GGGCGG
GC-box,43626,GGGCGG
GC-box,43656,GGGCGG
GC-box,44444,GGGCGG
GC-box,44634,GGGCGG
GC-box,44777,GGGCGG
GC-box,47466,GGGCGG
GC-box,55326,GGGCGG
GC-box,56976,GGGCGG
GC-box,2283,CCGCCC (rev)
GC-box,7119,CCGCCC (rev)
GC-box,26710,CCGCCC (rev)
GC-box,40133,CCGCCC (rev)
GC-box,41975,CCGCCC (rev)
GC-box,42145,CCGCCC (rev)
GC-box,42266,CCGCCC (rev)
GC-box,42958,CCGCCC (rev)
GC-box,43347,CCGCCC (rev)
GC-box,43497,CCGCCC (rev)
GC-box,43976,CCGCCC (rev)
GC-box,44050,CCGCCC (rev)
GC-box,44075,CCGCCC (rev)
GC-box,51705,CCGCCC (rev)
GC-box,2283,CCGCCC
GC-box,7119,CCGCCC
GC-box,26710,CCGCCC
GC-box,40133,CCGCCC
GC-box,41975,CCGCCC
GC-box,42145,CCGCCC
GC-box,42266,CCGCCC
GC-box,42958,CCGCCC
GC-box,43347,CCGCCC
GC-box,43497,CCGCCC
GC-box,43976,CCGCCC
GC-box,44050,CCGCCC
GC-box,44075,CCGCCC
GC-box,51705,CCGCCC
GC-box,499,GGGCGG (rev)
GC-box,7454,GGGCGG (rev)
GC-box,23111,GGGCGG (rev)
GC-box,23126,GGGCGG (rev)
GC-box,42039,GGGCGG (rev)
GC-box,43626,GGGCGG (rev)
GC-box,43656,GGGCGG (rev)
GC-box,44444,GGGCGG (rev)
GC-box,44634,GGGCGG (rev)
GC-box,44777,GGGCGG (rev)
GC-box,47466,GGGCGG (rev)
GC-box,55326,GGGCGG (rev)
GC-box,56976,GGGCGG (rev)
E-box,88,CACCTG
E-box,257,CATGTG
E-box,269,CAGTTG
E-box,277,CATGTG
E-box,456,CATATG
E-box,479,CAGCTG
E-box,520,CAGTTG
E-box,560,CAGATG
E-box,730,CAGTTG
E-box,808,CATATG
E-box,926,CACCTG
E-box,1315,CAGCTG
E-box,1391,CATCTG
E-box,1403,CATGTG
E-box,1409,CACTTG
E-box,1519,CATTTG
E-box,1678,CAGGTG
E-box,1768,CAGCTG
E-box,1843,CAGTTG
E-box,2066,CAACTG
E-box,2383,CAGCTG
E-box,2422,CATCTG
E-box,2540,CAGCTG
E-box,2553,CAGCTG
E-box,2636,CAGATG
E-box,2652,CAGGTG
E-box,3346,CACATG
E-box,3572,CATTTG
E-box,3866,CATTTG
E-box,4383,CATTTG
E-box,4931,CATTTG
E-box,5157,CACATG
E-box,5220,CATCTG
E-box,5344,CATTTG
E-box,5577,CAAATG
E-box,5584,CAGATG
E-box,5590,CATATG
E-box,5633,CAGGTG
E-box,5779,CAGCTG
E-box,5937,CATCTG
E-box,6116,CATATG
E-box,6264,CAGTTG
E-box,6287,CATTTG
E-box,6396,CATGTG
E-box,6809,CAGTTG
E-box,7232,CATATG
E-box,7287,CACTTG
E-box,8482,CAGCTG
E-box,8930,CATATG
E-box,9618,CAAATG
E-box,9762,CACTTG
E-box,9831,CATCTG
E-box,9889,CATATG
E-box,9901,CAGTTG
E-box,10139,CACATG
E-box,11038,CACTTG
E-box,11399,CAGATG
E-box,11794,CATGTG
E-box,11992,CAAGTG
E-box,12038,CACGTG
E-box,12820,CATATG
E-box,12862,CATATG
E-box,12908,CAAATG
E-box,12936,CAGCTG
E-box,12987,CATCTG
E-box,13128,CATATG
E-box,13344,CAGCTG
E-box,13545,CAGATG
E-box,14276,CAAGTG
E-box,14420,CACCTG
E-box,14623,CACATG
E-box,14916,CAGATG
E-box,15081,CAGGTG
E-box,15344,CAGTTG
E-box,15579,CAAGTG
E-box,15621,CAGGTG
E-box,15702,CAAGTG
E-box,15714,CACCTG
E-box,15858,CATTTG
E-box,16033,CAAGTG
E-box,16075,CAGGTG
E-box,16168,CAAGTG
E-box,16226,CACCTG
E-box,16520,CACCTG
E-box,16731,CACTTG
E-box,16914,CATGTG
E-box,17248,CAAATG
E-box,17988,CATTTG
E-box,18497,CAAGTG
E-box,18773,CAACTG
E-box,19025,CATGTG
E-box,19421,CAGCTG
E-box,19478,CATGTG
E-box,19736,CAACTG
E-box,19983,CACCTG
E-box,20016,CACCTG
E-box,20519,CAGCTG
E-box,20670,CATCTG
E-box,20718,CATGTG
E-box,20779,CATGTG
E-box,20877,CAAATG
E-box,21023,CACCTG
E-box,21124,CAAATG
E-box,21768,CATTTG
E-box,21880,CATGTG
E-box,22150,CAGGTG
E-box,22570,CAACTG
E-box,22675,CACATG
E-box,22835,CAAATG
E-box,22847,CAGTTG
E-box,22900,CATATG
E-box,23102,CACCTG
E-box,23167,CATGTG
E-box,23288,CAGGTG
E-box,23502,CAGTTG
E-box,23843,CACCTG
E-box,23867,CAATTG
E-box,23914,CATGTG
E-box,23948,CATTTG
E-box,24031,CAAATG
E-box,24210,CATTTG
E-box,24720,CACCTG
E-box,24736,CATTTG
E-box,25223,CAGTTG
E-box,25694,CATGTG
E-box,25796,CAGGTG
E-box,25870,CATCTG
E-box,26098,CATGTG
E-box,26203,CATCTG
E-box,26256,CATGTG
E-box,26363,CATGTG
E-box,26491,CAACTG
E-box,26586,CAGTTG
E-box,26742,CAGCTG
E-box,27194,CATTTG
E-box,27200,CAAGTG
E-box,27256,CATCTG
E-box,27271,CATTTG
E-box,27838,CAAATG
E-box,28078,CATTTG
E-box,28145,CACATG
E-box,28151,CACATG
E-box,28205,CAAATG
E-box,28412,CACATG
E-box,28552,CATATG
E-box,28578,CACATG
E-box,28727,CATCTG
E-box,28775,CATGTG
E-box,28821,CACTTG
E-box,29165,CACATG
E-box,29197,CACCTG
E-box,29218,CACCTG
E-box,29348,CAGCTG
E-box,29368,CAGATG
E-box,29775,CAGATG
E-box,30023,CACCTG
E-box,30063,CACCTG
E-box,30094,CATGTG
E-box,30320,CACATG
E-box,30514,CAGTTG
E-box,30965,CATTTG
E-box,31194,CAAGTG
E-box,31296,CAAGTG
E-box,31357,CAAATG
E-box,31552,CAATTG
E-box,31629,CAGTTG
E-box,31684,CAGGTG
E-box,31899,CACATG
E-box,33085,CACATG
E-box,33832,CAATTG
E-box,33870,CATATG
E-box,33944,CAAATG
E-box,34022,CATCTG
E-box,34163,CATATG
E-box,34285,CATTTG
E-box,34608,CAGCTG
E-box,34918,CATCTG
E-box,35045,CAGGTG
E-box,35081,CAGATG
E-box,35293,CATCTG
E-box,35313,CACCTG
E-box,35412,CATCTG
E-box,35426,CATCTG
E-box,35569,CAATTG
E-box,35656,CATGTG
E-box,35740,CATATG
E-box,35940,CACCTG
E-box,36309,CATCTG
E-box,36545,CATCTG
E-box,36751,CATCTG
E-box,36998,CATATG
E-box,37127,CATGTG
E-box,37496,CAGGTG
E-box,37672,CACTTG
E-box,38175,CACCTG
E-box,38281,CACCTG
E-box,38289,CAGGTG
E-box,38644,CATTTG
E-box,39303,CATTTG
E-box,39403,CAGTTG
E-box,39513,CAAATG
E-box,40061,CAGGTG
E-box,40194,CAAGTG
E-box,40362,CATTTG
E-box,40420,CAAGTG
E-box,40920,CACATG
E-box,41267,CAGATG
E-box,41429,CAAGTG
E-box,41509,CAGCTG
E-box,41840,CACGTG
E-box,41948,CAAATG
E-box,42363,CAAGTG
E-box,42446,CAGGTG
E-box,42460,CAGGTG
E-box,42522,CAGGTG
E-box,42544,CACTTG
E-box,42835,CACGTG
E-box,43153,CATGTG
E-box,43530,CAGATG
E-box,43609,CATCTG
E-box,44843,CACCTG
E-box,44923,CACTTG
E-box,45035,CACATG
E-box,45387,CATATG
E-box,45752,CATCTG
E-box,45900,CAGGTG
E-box,46576,CATATG
E-box,47309,CATCTG
E-box,47995,CAGCTG
E-box,48299,CACTTG
E-box,48650,CAAATG
E-box,48914,CAACTG
E-box,49173,CATTTG
E-box,49209,CAGTTG
E-box,49553,CACCTG
E-box,49882,CATTTG
E-box,50460,CACATG
E-box,51225,CACGTG
E-box,51603,CAGGTG
E-box,51739,CAGGTG
E-box,51867,CACGTG
E-box,51905,CAGGTG
E-box,52048,CATTTG
E-box,52145,CAGTTG
E-box,52267,CAGTTG
E-box,52402,CAGGTG
E-box,52435,CACTTG
E-box,52590,CAAGTG
E-box,52615,CAACTG
E-box,52683,CACTTG
E-box,52689,CAGGTG
E-box,52809,CAGGTG
E-box,53013,CAAATG
E-box,53096,CACGTG
E-box,53348,CAGCTG
E-box,53456,CATGTG
E-box,53542,CAGTTG
E-box,53607,CAGGTG
E-box,53714,CACTTG
E-box,53754,CATTTG
E-box,53829,CACTTG
E-box,54013,CAAATG
E-box,54244,CATATG
E-box,54265,CAAATG
E-box,54596,CATTTG
E-box,54628,CACGTG
E-box,54916,CAAGTG
E-box,54978,CAGATG
E-box,54989,CAGCTG
E-box,55012,CATCTG
E-box,55341,CACGTG
E-box,55364,CAGGTG
E-box,55741,CAGCTG
E-box,55942,CATGTG
E-box,56049,CAGATG
E-box,56124,CACCTG
E-box,56217,CAACTG
E-box,56276,CACCTG
E-box,56344,CACTTG
E-box,56355,CATCTG
E-box,56658,CACATG
E-box,56723,CAGGTG
E-box,56785,CATCTG
E-box,57040,CAAATG
E-box,57325,CACCTG
E-box,57362,CACCTG
E-box,57461,CATCTG
E-box,57630,CATTTG
E-box,57806,CACATG
E-box,57836,CAACTG
E-box,57856,CAGATG
CRE,49687,TGACGTCA
CRE,49687,TGACGTCA (rev)
AP-1,51871,TGAGTCA
AP-1,52238,TGAGTCA
AP-1,2417,TGACTCA (rev)
AP-1,16350,TGACTCA (rev)
AP-1,23243,TGACTCA (rev)
AP-1,30925,TGACTCA (rev)
AP-1,31679,TGACTCA (rev)
AP-1,32337,TGACTCA (rev)
AP-1,36263,TGACTCA (rev)
AP-1,47815,TGACTCA (rev)
AP-1,54166,TGACTCA (rev)
AP-1,54256,TGACTCA (rev)
SP1,499,GGGCGG
SP1,7454,GGGCGG
SP1,23111,GGGCGG
SP1,23126,GGGCGG
SP1,42039,GGGCGG
SP1,43626,GGGCGG
SP1,43656,GGGCGG
SP1,44444,GGGCGG
SP1,44634,GGGCGG
SP1,44777,GGGCGG
SP1,47466,GGGCGG
SP1,55326,GGGCGG
SP1,56976,GGGCGG
SP1,2283,CCGCCC (rev)
SP1,7119,CCGCCC (rev)
SP1,26710,CCGCCC (rev)
SP1,40133,CCGCCC (rev)
SP1,41975,CCGCCC (rev)
SP1,42145,CCGCCC (rev)
SP1,42266,CCGCCC (rev)
SP1,42958,CCGCCC (rev)
SP1,43347,CCGCCC (rev)
SP1,43497,CCGCCC (rev)
SP1,43976,CCGCCC (rev)
SP1,44050,CCGCCC (rev)
SP1,44075,CCGCCC (rev)
SP1,51705,CCGCCC (rev)
STAT,2025,TTCCTGGGAA
STAT,4780,TTCACTCGAA
STAT,5426,TTCTGGAGAA
STAT,7947,TTCCATAGAA
STAT,8190,TTCTTTTGAA
STAT,10137,TTCACATGAA
STAT,10160,TTCTTAAGAA
STAT,13089,TTCCTTTGAA
STAT,13882,TTCAGGGGAA
STAT,22809,TTCCATTGAA
STAT,31977,TTCTTCTGAA
STAT,32370,TTCTGTAGAA
STAT,38036,TTCCTTAGAA
STAT,52273,TTCTGAAGAA
STAT,53505,TTCCCAAGAA
STAT,53726,TTCCTGAGAA
STAT,56481,TTCCACTGAA
NFAT,234,GGAAA
NFAT,688,GGAAA
NFAT,788,GGAAA
NFAT,1276,GGAAA
NFAT,1838,GGAAA
NFAT,2031,GGAAA
NFAT,2111,GGAAA
NFAT,2590,GGAAA
NFAT,2734,GGAAA
NFAT,2780,GGAAA
NFAT,2954,GGAAA
NFAT,2993,GGAAA
NFAT,3584,GGAAA
NFAT,4433,GGAAA
NFAT,4657,GGAAA
NFAT,4730,GGAAA
NFAT,5535,GGAAA
NFAT,5737,GGAAA
NFAT,5755,GGAAA
NFAT,8888,GGAAA
NFAT,10842,GGAAA
NFAT,10956,GGAAA
NFAT,11155,GGAAA
NFAT,12576,GGAAA
NFAT,13888,GGAAA
NFAT,14510,GGAAA
NFAT,17023,GGAAA
NFAT,17952,GGAAA
NFAT,18182,GGAAA
NFAT,18188,GGAAA
NFAT,18560,GGAAA
NFAT,19457,GGAAA
NFAT,19649,GGAAA
NFAT,22076,GGAAA
NFAT,22332,GGAAA
NFAT,22496,GGAAA
NFAT,22546,GGAAA
NFAT,22747,GGAAA
NFAT,23038,GGAAA
NFAT,23223,GGAAA
NFAT,23488,GGAAA
NFAT,24437,GGAAA
NFAT,24670,GGAAA
NFAT,24988,GGAAA
NFAT,25435,GGAAA
NFAT,25801,GGAAA
NFAT,26062,GGAAA
NFAT,26556,GGAAA
NFAT,26580,GGAAA
NFAT,29382,GGAAA
NFAT,30001,GGAAA
NFAT,30315,GGAAA
NFAT,30712,GGAAA
NFAT,30750,GGAAA
NFAT,31098,GGAAA
NFAT,31125,GGAAA
NFAT,31873,GGAAA
NFAT,32261,GGAAA
NFAT,33181,GGAAA
NFAT,33381,GGAAA
NFAT,33586,GGAAA
NFAT,34593,GGAAA
NFAT,35183,GGAAA
NFAT,35683,GGAAA
NFAT,36339,GGAAA
NFAT,36446,GGAAA
NFAT,37036,GGAAA
NFAT,37197,GGAAA
NFAT,37215,GGAAA
NFAT,38482,GGAAA
NFAT,38530,GGAAA
NFAT,38567,GGAAA
NFAT,38575,GGAAA
NFAT,38794,GGAAA
NFAT,39137,GGAAA
NFAT,39364,GGAAA
NFAT,39842,GGAAA
NFAT,40369,GGAAA
NFAT,40547,GGAAA
NFAT,41150,GGAAA
NFAT,42174,GGAAA
NFAT,42451,GGAAA
NFAT,42643,GGAAA
NFAT,44225,GGAAA
NFAT,45024,GGAAA
NFAT,45230,GGAAA
NFAT,46849,GGAAA
NFAT,46900,GGAAA
NFAT,47007,GGAAA
NFAT,47666,GGAAA
NFAT,47677,GGAAA
NFAT,47837,GGAAA
NFAT,48156,GGAAA
NFAT,48931,GGAAA
NFAT,51191,GGAAA
NFAT,51203,GGAAA
NFAT,51394,GGAAA
NFAT,52203,GGAAA
NFAT,53315,GGAAA
NFAT,53940,GGAAA
NFAT,54538,GGAAA
NFAT,55629,GGAAA
NFAT,56852,GGAAA
NFAT,57160,GGAAA
NFAT,57292,GGAAA
NFAT,616,TTTCC (rev)
NFAT,1568,TTTCC (rev)
NFAT,1817,TTTCC (rev)
NFAT,2759,TTTCC (rev)
NFAT,2904,TTTCC (rev)
NFAT,3106,TTTCC (rev)
NFAT,4268,TTTCC (rev)
NFAT,4312,TTTCC (rev)
NFAT,4320,TTTCC (rev)
NFAT,4343,TTTCC (rev)
NFAT,4535,TTTCC (rev)
NFAT,4591,TTTCC (rev)
NFAT,4616,TTTCC (rev)
NFAT,4815,TTTCC (rev)
NFAT,5034,TTTCC (rev)
NFAT,5153,TTTCC (rev)
NFAT,5442,TTTCC (rev)
NFAT,5511,TTTCC (rev)
NFAT,7102,TTTCC (rev)
NFAT,7878,TTTCC (rev)
NFAT,7936,TTTCC (rev)
NFAT,7958,TTTCC (rev)
NFAT,8200,TTTCC (rev)
NFAT,8503,TTTCC (rev)
NFAT,8770,TTTCC (rev)
NFAT,8842,TTTCC (rev)
NFAT,8878,TTTCC (rev)
NFAT,8895,TTTCC (rev)
NFAT,9193,TTTCC (rev)
NFAT,9313,TTTCC (rev)
NFAT,9318,TTTCC (rev)
NFAT,10672,TTTCC (rev)
NFAT,11102,TTTCC (rev)
NFAT,11171,TTTCC (rev)
NFAT,11376,TTTCC (rev)
NFAT,11385,TTTCC (rev)
NFAT,12318,TTTCC (rev)
NFAT,12849,TTTCC (rev)
NFAT,13088,TTTCC (rev)
NFAT,13224,TTTCC (rev)
NFAT,13413,TTTCC (rev)
NFAT,13654,TTTCC (rev)
NFAT,14498,TTTCC (rev)
NFAT,15487,TTTCC (rev)
NFAT,15906,TTTCC (rev)
NFAT,16269,TTTCC (rev)
NFAT,17919,TTTCC (rev)
NFAT,18152,TTTCC (rev)
NFAT,18990,TTTCC (rev)
NFAT,19949,TTTCC (rev)
NFAT,20696,TTTCC (rev)
NFAT,21173,TTTCC (rev)
NFAT,21781,TTTCC (rev)
NFAT,22808,TTTCC (rev)
NFAT,23257,TTTCC (rev)
NFAT,23468,TTTCC (rev)
NFAT,23933,TTTCC (rev)
NFAT,23944,TTTCC (rev)
NFAT,25532,TTTCC (rev)
NFAT,25903,TTTCC (rev)
NFAT,26343,TTTCC (rev)
NFAT,27579,TTTCC (rev)
NFAT,27759,TTTCC (rev)
NFAT,27809,TTTCC (rev)
NFAT,29139,TTTCC (rev)
NFAT,29313,TTTCC (rev)
NFAT,29605,TTTCC (rev)
NFAT,31385,TTTCC (rev)
NFAT,31422,TTTCC (rev)
NFAT,31548,TTTCC (rev)
NFAT,31717,TTTCC (rev)
NFAT,32021,TTTCC (rev)
NFAT,32901,TTTCC (rev)
NFAT,32951,TTTCC (rev)
NFAT,33058,TTTCC (rev)
NFAT,33394,TTTCC (rev)
NFAT,34119,TTTCC (rev)
NFAT,34209,TTTCC (rev)
NFAT,34503,TTTCC (rev)
NFAT,34661,TTTCC (rev)
NFAT,34750,TTTCC (rev)
NFAT,34853,TTTCC (rev)
NFAT,35001,TTTCC (rev)
NFAT,35847,TTTCC (rev)
NFAT,36745,TTTCC (rev)
NFAT,36959,TTTCC (rev)
NFAT,36994,TTTCC (rev)
NFAT,37611,TTTCC (rev)
NFAT,37661,TTTCC (rev)
NFAT,37805,TTTCC (rev)
NFAT,38035,TTTCC (rev)
NFAT,39183,TTTCC (rev)
NFAT,39196,TTTCC (rev)
NFAT,39237,TTTCC (rev)
NFAT,40184,TTTCC (rev)
NFAT,40466,TTTCC (rev)
NFAT,40905,TTTCC (rev)
NFAT,41325,TTTCC (rev)
NFAT,41406,TTTCC (rev)
NFAT,41720,TTTCC (rev)
NFAT,42716,TTTCC (rev)
NFAT,42857,TTTCC (rev)
NFAT,42931,TTTCC (rev)
NFAT,43391,TTTCC (rev)
NFAT,44285,TTTCC (rev)
NFAT,44866,TTTCC (rev)
NFAT,45258,TTTCC (rev)
NFAT,45276,TTTCC (rev)
NFAT,45341,TTTCC (rev)
NFAT,45361,TTTCC (rev)
NFAT,46163,TTTCC (rev)
NFAT,46290,TTTCC (rev)
NFAT,46514,TTTCC (rev)
NFAT,46924,TTTCC (rev)
NFAT,47177,TTTCC (rev)
NFAT,48104,TTTCC (rev)
NFAT,48432,TTTCC (rev)
NFAT,49030,TTTCC (rev)
NFAT,52576,TTTCC (rev)
NFAT,53504,TTTCC (rev)
NFAT,53725,TTTCC (rev)
NFAT,53803,TTTCC (rev)
NFAT,53989,TTTCC (rev)
NFAT,54360,TTTCC (rev)
NFAT,55583,TTTCC (rev)
NFAT,55588,TTTCC (rev)
NFAT,56007,TTTCC (rev)
NFAT,56491,TTTCC (rev)
NFAT,56501,TTTCC (rev)
NFAT,56697,TTTCC (rev)
NFAT,56765,TTTCC (rev)
NFAT,57341,TTTCC (rev)
NFAT,57428,TTTCC (rev)
NFAT,57457,TTTCC (rev)
NFAT,57598,TTTCC (rev)
NFAT,57908,TTTCC (rev)
ETS,192,GGAA
ETS,234,GGAA
ETS,239,GGAA
ETS,386,GGAA
ETS,419,GGAA
ETS,566,GGAA
ETS,688,GGAA
ETS,721,GGAA
ETS,788,GGAA
ETS,1058,GGAA
ETS,1144,GGAA
ETS,1238,GGAA
ETS,1256,GGAA
ETS,1276,GGAA
ETS,1832,GGAA
ETS,1838,GGAA
ETS,1926,GGAA
ETS,2031,GGAA
ETS,2111,GGAA
ETS,2590,GGAA
ETS,2734,GGAA
ETS,2780,GGAA
ETS,2885,GGAA
ETS,2954,GGAA
ETS,2993,GGAA
ETS,3088,GGAA
ETS,3094,GGAA
ETS,3584,GGAA
ETS,4433,GGAA
ETS,4642,GGAA
ETS,4657,GGAA
ETS,4730,GGAA
ETS,5228,GGAA
ETS,5535,GGAA
ETS,5737,GGAA
ETS,5755,GGAA
ETS,5869,GGAA
ETS,5958,GGAA
ETS,6154,GGAA
ETS,7442,GGAA
ETS,8206,GGAA
ETS,8888,GGAA
ETS,10262,GGAA
ETS,10842,GGAA
ETS,10956,GGAA
ETS,11155,GGAA
ETS,11269,GGAA
ETS,12514,GGAA
ETS,12576,GGAA
ETS,13158,GGAA
ETS,13888,GGAA
ETS,14510,GGAA
ETS,14728,GGAA
ETS,15448,GGAA
ETS,16285,GGAA
ETS,16485,GGAA
ETS,16678,GGAA
ETS,16693,GGAA
ETS,17023,GGAA
ETS,17048,GGAA
ETS,17362,GGAA
ETS,17449,GGAA
ETS,17453,GGAA
ETS,17952,GGAA
ETS,18182,GGAA
ETS,18188,GGAA
ETS,18216,GGAA
ETS,18483,GGAA
ETS,18560,GGAA
ETS,18642,GGAA
ETS,18671,GGAA
ETS,18725,GGAA
ETS,18816,GGAA
ETS,18829,GGAA
ETS,18926,GGAA
ETS,18936,GGAA
ETS,19008,GGAA
ETS,19385,GGAA
ETS,19457,GGAA
ETS,19649,GGAA
ETS,20025,GGAA
ETS,20037,GGAA
ETS,21338,GGAA
ETS,21351,GGAA
ETS,21436,GGAA
ETS,21536,GGAA
ETS,21844,GGAA
ETS,21931,GGAA
ETS,22076,GGAA
ETS,22241,GGAA
ETS,22259,GGAA
ETS,22315,GGAA
ETS,22332,GGAA
ETS,22496,GGAA
ETS,22546,GGAA
ETS,22707,GGAA
ETS,22726,GGAA
ETS,22747,GGAA
ETS,22840,GGAA
ETS,22995,GGAA
ETS,23038,GGAA
ETS,23223,GGAA
ETS,23488,GGAA
ETS,24422,GGAA
ETS,24437,GGAA
ETS,24526,GGAA
ETS,24587,GGAA
ETS,24629,GGAA
ETS,24670,GGAA
ETS,24675,GGAA
ETS,24774,GGAA
ETS,24988,GGAA
ETS,25323,GGAA
ETS,25435,GGAA
ETS,25630,GGAA
ETS,25801,GGAA
ETS,25995,GGAA
ETS,26062,GGAA
ETS,26335,GGAA
ETS,26556,GGAA
ETS,26580,GGAA
ETS,26691,GGAA
ETS,26840,GGAA
ETS,28118,GGAA
ETS,28195,GGAA
ETS,28259,GGAA
ETS,28394,GGAA
ETS,28424,GGAA
ETS,28430,GGAA
ETS,29097,GGAA
ETS,29202,GGAA
ETS,29206,GGAA
ETS,29382,GGAA
ETS,29442,GGAA
ETS,29716,GGAA
ETS,30001,GGAA
ETS,30315,GGAA
ETS,30712,GGAA
ETS,30750,GGAA
ETS,30823,GGAA
ETS,31041,GGAA
ETS,31098,GGAA
ETS,31125,GGAA
ETS,31243,GGAA
ETS,31689,GGAA
ETS,31873,GGAA
ETS,31953,GGAA
ETS,32170,GGAA
ETS,32213,GGAA
ETS,32261,GGAA
ETS,32393,GGAA
ETS,32507,GGAA
ETS,32823,GGAA
ETS,33144,GGAA
ETS,33181,GGAA
ETS,33381,GGAA
ETS,33569,GGAA
ETS,33586,GGAA
ETS,34564,GGAA
ETS,34593,GGAA
ETS,35130,GGAA
ETS,35183,GGAA
ETS,35665,GGAA
ETS,35683,GGAA
ETS,35761,GGAA
ETS,35945,GGAA
ETS,36339,GGAA
ETS,36446,GGAA
ETS,36475,GGAA
ETS,36603,GGAA
ETS,36954,GGAA
ETS,37036,GGAA
ETS,37197,GGAA
ETS,37215,GGAA
ETS,37903,GGAA
ETS,37954,GGAA
ETS,37978,GGAA
ETS,38209,GGAA
ETS,38482,GGAA
ETS,38499,GGAA
ETS,38530,GGAA
ETS,38567,GGAA
ETS,38575,GGAA
ETS,38794,GGAA
ETS,38869,GGAA
ETS,39137,GGAA
ETS,39364,GGAA
ETS,39519,GGAA
ETS,39684,GGAA
ETS,39758,GGAA
ETS,39842,GGAA
ETS,40089,GGAA
ETS,40369,GGAA
ETS,40547,GGAA
ETS,40729,GGAA
ETS,40737,GGAA
ETS,41150,GGAA
ETS,41774,GGAA
ETS,42086,GGAA
ETS,42174,GGAA
ETS,42219,GGAA
ETS,42334,GGAA
ETS,42349,GGAA
ETS,42451,GGAA
ETS,42630,GGAA
ETS,42643,GGAA
ETS,43585,GGAA
ETS,43693,GGAA
ETS,43820,GGAA
ETS,44106,GGAA
ETS,44225,GGAA
ETS,44610,GGAA
ETS,44621,GGAA
ETS,44744,GGAA
ETS,44781,GGAA
ETS,44904,GGAA
ETS,45024,GGAA
ETS,45230,GGAA
ETS,45682,GGAA
ETS,46260,GGAA
ETS,46603,GGAA
ETS,46632,GGAA
ETS,46767,GGAA
ETS,46849,GGAA
ETS,46900,GGAA
ETS,46936,GGAA
ETS,47007,GGAA
ETS,47237,GGAA
ETS,47366,GGAA
ETS,47536,GGAA
ETS,47557,GGAA
ETS,47666,GGAA
ETS,47672,GGAA
ETS,47677,GGAA
ETS,47837,GGAA
ETS,47900,GGAA
ETS,48156,GGAA
ETS,48277,GGAA
ETS,48398,GGAA
ETS,48855,GGAA
ETS,48909,GGAA
ETS,48931,GGAA
ETS,49003,GGAA
ETS,49119,GGAA
ETS,49140,GGAA
ETS,50223,GGAA
ETS,50313,GGAA
ETS,50373,GGAA
ETS,51141,GGAA
ETS,51191,GGAA
ETS,51196,GGAA
ETS,51203,GGAA
ETS,51216,GGAA
ETS,51265,GGAA
ETS,51394,GGAA
ETS,51861,GGAA
ETS,51991,GGAA
ETS,52203,GGAA
ETS,52478,GGAA
ETS,52595,GGAA
ETS,52732,GGAA
ETS,52787,GGAA
ETS,53315,GGAA
ETS,53738,GGAA
ETS,53940,GGAA
ETS,54105,GGAA
ETS,54538,GGAA
ETS,54704,GGAA
ETS,55481,GGAA
ETS,55560,GGAA
ETS,55629,GGAA
ETS,55923,GGAA
ETS,56414,GGAA
ETS,56429,GGAA
ETS,56497,GGAA
ETS,56852,GGAA
ETS,56942,GGAA
ETS,56963,GGAA
ETS,56967,GGAA
ETS,57160,GGAA
ETS,57166,GGAA
ETS,57292,GGAA
ETS,57417,GGAA
ETS,57422,GGAA
ETS,57718,GGAA
ETS,31,TTCC (rev)
ETS,130,TTCC (rev)
ETS,617,TTCC (rev)
ETS,1084,TTCC (rev)
ETS,1113,TTCC (rev)
ETS,1222,TTCC (rev)
ETS,1421,TTCC (rev)
ETS,1569,TTCC (rev)
ETS,1807,TTCC (rev)
ETS,1813,TTCC (rev)
ETS,1818,TTCC (rev)
ETS,1976,TTCC (rev)
ETS,2025,TTCC (rev)
ETS,2124,TTCC (rev)
ETS,2146,TTCC (rev)
ETS,2204,TTCC (rev)
ETS,2280,TTCC (rev)
ETS,2668,TTCC (rev)
ETS,2760,TTCC (rev)
ETS,2905,TTCC (rev)
ETS,3071,TTCC (rev)
ETS,3107,TTCC (rev)
ETS,3686,TTCC (rev)
ETS,4069,TTCC (rev)
ETS,4269,TTCC (rev)
ETS,4308,TTCC (rev)
ETS,4313,TTCC (rev)
ETS,4321,TTCC (rev)
ETS,4344,TTCC (rev)
ETS,4536,TTCC (rev)
ETS,4592,TTCC (rev)
ETS,4617,TTCC (rev)
ETS,4650,TTCC (rev)
ETS,4801,TTCC (rev)
ETS,4816,TTCC (rev)
ETS,4875,TTCC (rev)
ETS,5035,TTCC (rev)
ETS,5154,TTCC (rev)
ETS,5325,TTCC (rev)
ETS,5443,TTCC (rev)
ETS,5512,TTCC (rev)
ETS,6024,TTCC (rev)
ETS,6366,TTCC (rev)
ETS,6403,TTCC (rev)
ETS,7103,TTCC (rev)
ETS,7305,TTCC (rev)
ETS,7372,TTCC (rev)
ETS,7879,TTCC (rev)
ETS,7937,TTCC (rev)
ETS,7947,TTCC (rev)
ETS,7959,TTCC (rev)
ETS,8201,TTCC (rev)
ETS,8254,TTCC (rev)
ETS,8504,TTCC (rev)
ETS,8771,TTCC (rev)
ETS,8819,TTCC (rev)
ETS,8843,TTCC (rev)
ETS,8879,TTCC (rev)
ETS,8896,TTCC (rev)
ETS,9183,TTCC (rev)
ETS,9194,TTCC (rev)
ETS,9314,TTCC (rev)
ETS,9319,TTCC (rev)
ETS,9785,TTCC (rev)
ETS,9922,TTCC (rev)
ETS,9966,TTCC (rev)
ETS,10005,TTCC (rev)
ETS,10024,TTCC (rev)
ETS,10107,TTCC (rev)
ETS,10126,TTCC (rev)
ETS,10673,TTCC (rev)
ETS,11035,TTCC (rev)
ETS,11103,TTCC (rev)
ETS,11165,TTCC (rev)
ETS,11172,TTCC (rev)
ETS,11377,TTCC (rev)
ETS,11386,TTCC (rev)
ETS,11574,TTCC (rev)
ETS,11807,TTCC (rev)
ETS,11825,TTCC (rev)
ETS,12319,TTCC (rev)
ETS,12406,TTCC (rev)
ETS,12673,TTCC (rev)
ETS,12814,TTCC (rev)
ETS,12850,TTCC (rev)
ETS,13013,TTCC (rev)
ETS,13089,TTCC (rev)
ETS,13189,TTCC (rev)
ETS,13225,TTCC (rev)
ETS,13414,TTCC (rev)
ETS,13592,TTCC (rev)
ETS,13640,TTCC (rev)
ETS,13655,TTCC (rev)
ETS,13828,TTCC (rev)
ETS,14084,TTCC (rev)
ETS,14113,TTCC (rev)
ETS,14494,TTCC (rev)
ETS,14499,TTCC (rev)
ETS,14520,TTCC (rev)
ETS,14531,TTCC (rev)
ETS,14866,TTCC (rev)
ETS,15057,TTCC (rev)
ETS,15290,TTCC (rev)
ETS,15488,TTCC (rev)
ETS,15907,TTCC (rev)
ETS,16270,TTCC (rev)
ETS,16501,TTCC (rev)
ETS,16512,TTCC (rev)
ETS,16722,TTCC (rev)
ETS,17217,TTCC (rev)
ETS,17407,TTCC (rev)
ETS,17764,TTCC (rev)
ETS,17911,TTCC (rev)
ETS,17920,TTCC (rev)
ETS,18111,TTCC (rev)
ETS,18153,TTCC (rev)
ETS,18860,TTCC (rev)
ETS,18991,TTCC (rev)
ETS,19582,TTCC (rev)
ETS,19777,TTCC (rev)
ETS,19950,TTCC (rev)
ETS,19956,TTCC (rev)
ETS,20464,TTCC (rev)
ETS,20501,TTCC (rev)
ETS,20531,TTCC (rev)
ETS,20697,TTCC (rev)
ETS,20936,TTCC (rev)
ETS,21078,TTCC (rev)
ETS,21117,TTCC (rev)
ETS,21174,TTCC (rev)
ETS,21383,TTCC (rev)
ETS,21566,TTCC (rev)
ETS,21727,TTCC (rev)
ETS,21782,TTCC (rev)
ETS,22297,TTCC (rev)
ETS,22522,TTCC (rev)
ETS,22563,TTCC (rev)
ETS,22809,TTCC (rev)
ETS,23138,TTCC (rev)
ETS,23258,TTCC (rev)
ETS,23469,TTCC (rev)
ETS,23850,TTCC (rev)
ETS,23934,TTCC (rev)
ETS,23945,TTCC (rev)
ETS,24002,TTCC (rev)
ETS,24083,TTCC (rev)
ETS,25161,TTCC (rev)
ETS,25533,TTCC (rev)
ETS,25736,TTCC (rev)
ETS,25904,TTCC (rev)
ETS,26089,TTCC (rev)
ETS,26232,TTCC (rev)
ETS,26302,TTCC (rev)
ETS,26344,TTCC (rev)
ETS,26381,TTCC (rev)
ETS,26473,TTCC (rev)
ETS,26735,TTCC (rev)
ETS,26932,TTCC (rev)
ETS,27382,TTCC (rev)
ETS,27473,TTCC (rev)
ETS,27580,TTCC (rev)
ETS,27760,TTCC (rev)
ETS,27810,TTCC (rev)
ETS,28050,TTCC (rev)
ETS,29140,TTCC (rev)
ETS,29237,TTCC (rev)
ETS,29270,TTCC (rev)
ETS,29314,TTCC (rev)
ETS,29409,TTCC (rev)
ETS,29606,TTCC (rev)
ETS,30116,TTCC (rev)
ETS,30645,TTCC (rev)
ETS,31130,TTCC (rev)
ETS,31254,TTCC (rev)
ETS,31273,TTCC (rev)
ETS,31354,TTCC (rev)
ETS,31386,TTCC (rev)
ETS,31423,TTCC (rev)
ETS,31484,TTCC (rev)
ETS,31549,TTCC (rev)
ETS,31718,TTCC (rev)
ETS,31889,TTCC (rev)
ETS,31936,TTCC (rev)
ETS,32004,TTCC (rev)
ETS,32022,TTCC (rev)
ETS,32190,TTCC (rev)
ETS,32737,TTCC (rev)
ETS,32789,TTCC (rev)
ETS,32902,TTCC (rev)
ETS,32952,TTCC (rev)
ETS,33026,TTCC (rev)
ETS,33059,TTCC (rev)
ETS,33067,TTCC (rev)
ETS,33350,TTCC (rev)
ETS,33395,TTCC (rev)
ETS,33765,TTCC (rev)
ETS,33785,TTCC (rev)
ETS,34120,TTCC (rev)
ETS,34210,TTCC (rev)
ETS,34378,TTCC (rev)
ETS,34504,TTCC (rev)
ETS,34662,TTCC (rev)
ETS,34718,TTCC (rev)
ETS,34751,TTCC (rev)
ETS,34795,TTCC (rev)
ETS,34854,TTCC (rev)
ETS,34887,TTCC (rev)
ETS,34891,TTCC (rev)
ETS,34935,TTCC (rev)
ETS,35002,TTCC (rev)
ETS,35358,TTCC (rev)
ETS,35401,TTCC (rev)
ETS,35515,TTCC (rev)
ETS,35528,TTCC (rev)
ETS,35547,TTCC (rev)
ETS,35612,TTCC (rev)
ETS,35718,TTCC (rev)
ETS,35776,TTCC (rev)
ETS,35848,TTCC (rev)
ETS,36746,TTCC (rev)
ETS,36960,TTCC (rev)
ETS,36995,TTCC (rev)
ETS,37177,TTCC (rev)
ETS,37544,TTCC (rev)
ETS,37612,TTCC (rev)
ETS,37662,TTCC (rev)
ETS,37806,TTCC (rev)
ETS,38036,TTCC (rev)
ETS,38070,TTCC (rev)
ETS,38611,TTCC (rev)
ETS,38618,TTCC (rev)
ETS,38902,TTCC (rev)
ETS,39184,TTCC (rev)
ETS,39197,TTCC (rev)
ETS,39238,TTCC (rev)
ETS,39467,TTCC (rev)
ETS,40153,TTCC (rev)
ETS,40185,TTCC (rev)
ETS,40212,TTCC (rev)
ETS,40428,TTCC (rev)
ETS,40467,TTCC (rev)
ETS,40587,TTCC (rev)
ETS,40881,TTCC (rev)
ETS,40885,TTCC (rev)
ETS,40906,TTCC (rev)
ETS,40911,TTCC (rev)
ETS,40993,TTCC (rev)
ETS,41094,TTCC (rev)
ETS,41326,TTCC (rev)
ETS,41407,TTCC (rev)
ETS,41500,TTCC (rev)
ETS,41540,TTCC (rev)
ETS,41657,TTCC (rev)
ETS,41721,TTCC (rev)
ETS,41889,TTCC (rev)
ETS,42156,TTCC (rev)
ETS,42258,TTCC (rev)
ETS,42280,TTCC (rev)
ETS,42586,TTCC (rev)
ETS,42717,TTCC (rev)
ETS,42762,TTCC (rev)
ETS,42788,TTCC (rev)
ETS,42858,TTCC (rev)
ETS,42932,TTCC (rev)
ETS,42956,TTCC (rev)
ETS,42994,TTCC (rev)
ETS,43311,TTCC (rev)
ETS,43392,TTCC (rev)
ETS,43444,TTCC (rev)
ETS,43493,TTCC (rev)
ETS,43790,TTCC (rev)
ETS,44148,TTCC (rev)
ETS,44286,TTCC (rev)
ETS,44338,TTCC (rev)
ETS,44533,TTCC (rev)
ETS,44867,TTCC (rev)
ETS,45259,TTCC (rev)
ETS,45277,TTCC (rev)
ETS,45337,TTCC (rev)
ETS,45342,TTCC (rev)
ETS,45362,TTCC (rev)
ETS,45792,TTCC (rev)
ETS,45821,TTCC (rev)
ETS,46164,TTCC (rev)
ETS,46186,TTCC (rev)
ETS,46190,TTCC (rev)
ETS,46291,TTCC (rev)
ETS,46457,TTCC (rev)
ETS,46467,TTCC (rev)
ETS,46515,TTCC (rev)
ETS,46810,TTCC (rev)
ETS,46925,TTCC (rev)
ETS,47178,TTCC (rev)
ETS,47397,TTCC (rev)
ETS,48007,TTCC (rev)
ETS,48105,TTCC (rev)
ETS,48129,TTCC (rev)
ETS,48137,TTCC (rev)
ETS,48433,TTCC (rev)
ETS,48606,TTCC (rev)
ETS,48986,TTCC (rev)
ETS,49031,TTCC (rev)
ETS,49390,TTCC (rev)
ETS,49578,TTCC (rev)
ETS,49642,TTCC (rev)
ETS,49663,TTCC (rev)
ETS,49855,TTCC (rev)
ETS,51584,TTCC (rev)
ETS,52371,TTCC (rev)
ETS,52446,TTCC (rev)
ETS,52556,TTCC (rev)
ETS,52577,TTCC (rev)
ETS,52900,TTCC (rev)
ETS,53424,TTCC (rev)
ETS,53505,TTCC (rev)
ETS,53674,TTCC (rev)
ETS,53726,TTCC (rev)
ETS,53804,TTCC (rev)
ETS,53853,TTCC (rev)
ETS,53990,TTCC (rev)
ETS,54361,TTCC (rev)
ETS,54396,TTCC (rev)
ETS,54806,TTCC (rev)
ETS,54880,TTCC (rev)
ETS,54975,TTCC (rev)
ETS,55249,TTCC (rev)
ETS,55468,TTCC (rev)
ETS,55503,TTCC (rev)
ETS,55577,TTCC (rev)
ETS,55584,TTCC (rev)
ETS,55589,TTCC (rev)
ETS,55895,TTCC (rev)
ETS,55998,TTCC (rev)
ETS,56008,TTCC (rev)
ETS,56109,TTCC (rev)
ETS,56481,TTCC (rev)
ETS,56492,TTCC (rev)
ETS,56502,TTCC (rev)
ETS,56517,TTCC (rev)
ETS,56698,TTCC (rev)
ETS,56766,TTCC (rev)
ETS,56833,TTCC (rev)
ETS,57322,TTCC (rev)
ETS,57342,TTCC (rev)
ETS,57429,TTCC (rev)
ETS,57458,TTCC (rev)
ETS,57538,TTCC (rev)
ETS,57599,TTCC (rev)
ETS,57909,TTCC (rev)
ETS,31,TTCC
ETS,130,TTCC
ETS,617,TTCC
ETS,1084,TTCC
ETS,1113,TTCC
ETS,1222,TTCC
ETS,1421,TTCC
ETS,1569,TTCC
ETS,1807,TTCC
ETS,1813,TTCC
ETS,1818,TTCC
ETS,1976,TTCC
ETS,2025,TTCC
ETS,2124,TTCC
ETS,2146,TTCC
ETS,2204,TTCC
ETS,2280,TTCC
ETS,2668,TTCC
ETS,2760,TTCC
ETS,2905,TTCC
ETS,3071,TTCC
ETS,3107,TTCC
ETS,3686,TTCC
ETS,4069,TTCC
ETS,4269,TTCC
ETS,4308,TTCC
ETS,4313,TTCC
ETS,4321,TTCC
ETS,4344,TTCC
ETS,4536,TTCC
ETS,4592,TTCC
ETS,4617,TTCC
ETS,4650,TTCC
ETS,4801,TTCC
ETS,4816,TTCC
ETS,4875,TTCC
ETS,5035,TTCC
ETS,5154,TTCC
ETS,5325,TTCC
ETS,5443,TTCC
ETS,5512,TTCC
ETS,6024,TTCC
ETS,6366,TTCC
ETS,6403,TTCC
ETS,7103,TTCC
ETS,7305,TTCC
ETS,7372,TTCC
ETS,7879,TTCC
ETS,7937,TTCC
ETS,7947,TTCC
ETS,7959,TTCC
ETS,8201,TTCC
ETS,8254,TTCC
ETS,8504,TTCC
ETS,8771,TTCC
ETS,8819,TTCC
ETS,8843,TTCC
ETS,8879,TTCC
ETS,8896,TTCC
ETS,9183,TTCC
ETS,9194,TTCC
ETS,9314,TTCC
ETS,9319,TTCC
ETS,9785,TTCC
ETS,9922,TTCC
ETS,9966,TTCC
ETS,10005,TTCC
ETS,10024,TTCC
ETS,10107,TTCC
ETS,10126,TTCC
ETS,10673,TTCC
ETS,11035,TTCC
ETS,11103,TTCC
ETS,11165,TTCC
ETS,11172,TTCC
ETS,11377,TTCC
ETS,11386,TTCC
ETS,11574,TTCC
ETS,11807,TTCC
ETS,11825,TTCC
ETS,12319,TTCC
ETS,12406,TTCC
ETS,12673,TTCC
ETS,12814,TTCC
ETS,12850,TTCC
ETS,13013,TTCC
ETS,13089,TTCC
ETS,13189,TTCC
ETS,13225,TTCC
ETS,13414,TTCC
ETS,13592,TTCC
ETS,13640,TTCC
ETS,13655,TTCC
ETS,13828,TTCC
ETS,14084,TTCC
ETS,14113,TTCC
ETS,14494,TTCC
ETS,14499,TTCC
ETS,14520,TTCC
ETS,14531,TTCC
ETS,14866,TTCC
ETS,15057,TTCC
ETS,15290,TTCC
ETS,15488,TTCC
ETS,15907,TTCC
ETS,16270,TTCC
ETS,16501,TTCC
ETS,16512,TTCC
ETS,16722,TTCC
ETS,17217,TTCC
ETS,17407,TTCC
ETS,17764,TTCC
ETS,17911,TTCC
ETS,17920,TTCC
ETS,18111,TTCC
ETS,18153,TTCC
ETS,18860,TTCC
ETS,18991,TTCC
ETS,19582,TTCC
ETS,19777,TTCC
ETS,19950,TTCC
ETS,19956,TTCC
ETS,20464,TTCC
ETS,20501,TTCC
ETS,20531,TTCC
ETS,20697,TTCC
ETS,20936,TTCC
ETS,21078,TTCC
ETS,21117,TTCC
ETS,21174,TTCC
ETS,21383,TTCC
ETS,21566,TTCC
ETS,21727,TTCC
ETS,21782,TTCC
ETS,22297,TTCC
ETS,22522,TTCC
ETS,22563,TTCC
ETS,22809,TTCC
ETS,23138,TTCC
ETS,23258,TTCC
ETS,23469,TTCC
ETS,23850,TTCC
ETS,23934,TTCC
ETS,23945,TTCC
ETS,24002,TTCC
ETS,24083,TTCC
ETS,25161,TTCC
ETS,25533,TTCC
ETS,25736,TTCC
ETS,25904,TTCC
ETS,26089,TTCC
ETS,26232,TTCC
ETS,26302,TTCC
ETS,26344,TTCC
ETS,26381,TTCC
ETS,26473,TTCC
ETS,26735,TTCC
ETS,26932,TTCC
ETS,27382,TTCC
ETS,27473,TTCC
ETS,27580,TTCC
ETS,27760,TTCC
ETS,27810,TTCC
ETS,28050,TTCC
ETS,29140,TTCC
ETS,29237,TTCC
ETS,29270,TTCC
ETS,29314,TTCC
ETS,29409,TTCC
ETS,29606,TTCC
ETS,30116,TTCC
ETS,30645,TTCC
ETS,31130,TTCC
ETS,31254,TTCC
ETS,31273,TTCC
ETS,31354,TTCC
ETS,31386,TTCC
ETS,31423,TTCC
ETS,31484,TTCC
ETS,31549,TTCC
ETS,31718,TTCC
ETS,31889,TTCC
ETS,31936,TTCC
ETS,32004,TTCC
ETS,32022,TTCC
ETS,32190,TTCC
ETS,32737,TTCC
ETS,32789,TTCC
ETS,32902,TTCC
ETS,32952,TTCC
ETS,33026,TTCC
ETS,33059,TTCC
ETS,33067,TTCC
ETS,33350,TTCC
ETS,33395,TTCC
ETS,33765,TTCC
ETS,33785,TTCC
ETS,34120,TTCC
ETS,34210,TTCC
ETS,34378,TTCC
ETS,34504,TTCC
ETS,34662,TTCC
ETS,34718,TTCC
ETS,34751,TTCC
ETS,34795,TTCC
ETS,34854,TTCC
ETS,34887,TTCC
ETS,34891,TTCC
ETS,34935,TTCC
ETS,35002,TTCC
ETS,35358,TTCC
ETS,35401,TTCC
ETS,35515,TTCC
ETS,35528,TTCC
ETS,35547,TTCC
ETS,35612,TTCC
ETS,35718,TTCC
ETS,35776,TTCC
ETS,35848,TTCC
ETS,36746,TTCC
ETS,36960,TTCC
ETS,36995,TTCC
ETS,37177,TTCC
ETS,37544,TTCC
ETS,37612,TTCC
ETS,37662,TTCC
ETS,37806,TTCC
ETS,38036,TTCC
ETS,38070,TTCC
ETS,38611,TTCC
ETS,38618,TTCC
ETS,38902,TTCC
ETS,39184,TTCC
ETS,39197,TTCC
ETS,39238,TTCC
ETS,39467,TTCC
ETS,40153,TTCC
ETS,40185,TTCC
ETS,40212,TTCC
ETS,40428,TTCC
ETS,40467,TTCC
ETS,40587,TTCC
ETS,40881,TTCC
ETS,40885,TTCC
ETS,40906,TTCC
ETS,40911,TTCC
ETS,40993,TTCC
ETS,41094,TTCC
ETS,41326,TTCC
ETS,41407,TTCC
ETS,41500,TTCC
ETS,41540,TTCC
ETS,41657,TTCC
ETS,41721,TTCC
ETS,41889,TTCC
ETS,42156,TTCC
ETS,42258,TTCC
ETS,42280,TTCC
ETS,42586,TTCC
ETS,42717,TTCC
ETS,42762,TTCC
ETS,42788,TTCC
ETS,42858,TTCC
ETS,42932,TTCC
ETS,42956,TTCC
ETS,42994,TTCC
ETS,43311,TTCC
ETS,43392,TTCC
ETS,43444,TTCC
ETS,43493,TTCC
ETS,43790,TTCC
ETS,44148,TTCC
ETS,44286,TTCC
ETS,44338,TTCC
ETS,44533,TTCC
ETS,44867,TTCC
ETS,45259,TTCC
ETS,45277,TTCC
ETS,45337,TTCC
ETS,45342,TTCC
ETS,45362,TTCC
ETS,45792,TTCC
ETS,45821,TTCC
ETS,46164,TTCC
ETS,46186,TTCC
ETS,46190,TTCC
ETS,46291,TTCC
ETS,46457,TTCC
ETS,46467,TTCC
ETS,46515,TTCC
ETS,46810,TTCC
ETS,46925,TTCC
ETS,47178,TTCC
ETS,47397,TTCC
ETS,48007,TTCC
ETS,48105,TTCC
ETS,48129,TTCC
ETS,48137,TTCC
ETS,48433,TTCC
ETS,48606,TTCC
ETS,48986,TTCC
ETS,49031,TTCC
ETS,49390,TTCC
ETS,49578,TTCC
ETS,49642,TTCC
ETS,49663,TTCC
ETS,49855,TTCC
ETS,51584,TTCC
ETS,52371,TTCC
ETS,52446,TTCC
ETS,52556,TTCC
ETS,52577,TTCC
ETS,52900,TTCC
ETS,53424,TTCC
ETS,53505,TTCC
ETS,53674,TTCC
ETS,53726,TTCC
ETS,53804,TTCC
ETS,53853,TTCC
ETS,53990,TTCC
ETS,54361,TTCC
ETS,54396,TTCC
ETS,54806,TTCC
ETS,54880,TTCC
ETS,54975,TTCC
ETS,55249,TTCC
ETS,55468,TTCC
ETS,55503,TTCC
ETS,55577,TTCC
ETS,55584,TTCC
ETS,55589,TTCC
ETS,55895,TTCC
ETS,55998,TTCC
ETS,56008,TTCC
ETS,56109,TTCC
ETS,56481,TTCC
ETS,56492,TTCC
ETS,56502,TTCC
ETS,56517,TTCC
ETS,56698,TTCC
ETS,56766,TTCC
ETS,56833,TTCC
ETS,57322,TTCC
ETS,57342,TTCC
ETS,57429,TTCC
ETS,57458,TTCC
ETS,57538,TTCC
ETS,57599,TTCC
ETS,57909,TTCC
ETS,192,GGAA (rev)
ETS,234,GGAA (rev)
ETS,239,GGAA (rev)
ETS,386,GGAA (rev)
ETS,419,GGAA (rev)
ETS,566,GGAA (rev)
ETS,688,GGAA (rev)
ETS,721,GGAA (rev)
ETS,788,GGAA (rev)
ETS,1058,GGAA (rev)
ETS,1144,GGAA (rev)
ETS,1238,GGAA (rev)
ETS,1256,GGAA (rev)
ETS,1276,GGAA (rev)
ETS,1832,GGAA (rev)
ETS,1838,GGAA (rev)
ETS,1926,GGAA (rev)
ETS,2031,GGAA (rev)
ETS,2111,GGAA (rev)
ETS,2590,GGAA (rev)
ETS,2734,GGAA (rev)
ETS,2780,GGAA (rev)
ETS,2885,GGAA (rev)
ETS,2954,GGAA (rev)
ETS,2993,GGAA (rev)
ETS,3088,GGAA (rev)
ETS,3094,GGAA (rev)
ETS,3584,GGAA (rev)
ETS,4433,GGAA (rev)
ETS,4642,GGAA (rev)
ETS,4657,GGAA (rev)
ETS,4730,GGAA (rev)
ETS,5228,GGAA (rev)
ETS,5535,GGAA (rev)
ETS,5737,GGAA (rev)
ETS,5755,GGAA (rev)
ETS,5869,GGAA (rev)
ETS,5958,GGAA (rev)
ETS,6154,GGAA (rev)
ETS,7442,GGAA (rev)
ETS,8206,GGAA (rev)
ETS,8888,GGAA (rev)
ETS,10262,GGAA (rev)
ETS,10842,GGAA (rev)
ETS,10956,GGAA (rev)
ETS,11155,GGAA (rev)
ETS,11269,GGAA (rev)
ETS,12514,GGAA (rev)
ETS,12576,GGAA (rev)
ETS,13158,GGAA (rev)
ETS,13888,GGAA (rev)
ETS,14510,GGAA (rev)
ETS,14728,GGAA (rev)
ETS,15448,GGAA (rev)
ETS,16285,GGAA (rev)
ETS,16485,GGAA (rev)
ETS,16678,GGAA (rev)
ETS,16693,GGAA (rev)
ETS,17023,GGAA (rev)
ETS,17048,GGAA (rev)
ETS,17362,GGAA (rev)
ETS,17449,GGAA (rev)
ETS,17453,GGAA (rev)
ETS,17952,GGAA (rev)
ETS,18182,GGAA (rev)
ETS,18188,GGAA (rev)
ETS,18216,GGAA (rev)
ETS,18483,GGAA (rev)
ETS,18560,GGAA (rev)
ETS,18642,GGAA (rev)
ETS,18671,GGAA (rev)
ETS,18725,GGAA (rev)
ETS,18816,GGAA (rev)
ETS,18829,GGAA (rev)
ETS,18926,GGAA (rev)
ETS,18936,GGAA (rev)
ETS,19008,GGAA (rev)
ETS,19385,GGAA (rev)
ETS,19457,GGAA (rev)
ETS,19649,GGAA (rev)
ETS,20025,GGAA (rev)
ETS,20037,GGAA (rev)
ETS,21338,GGAA (rev)
ETS,21351,GGAA (rev)
ETS,21436,GGAA (rev)
ETS,21536,GGAA (rev)
ETS,21844,GGAA (rev)
ETS,21931,GGAA (rev)
ETS,22076,GGAA (rev)
ETS,22241,GGAA (rev)
ETS,22259,GGAA (rev)
ETS,22315,GGAA (rev)
ETS,22332,GGAA (rev)
ETS,22496,GGAA (rev)
ETS,22546,GGAA (rev)
ETS,22707,GGAA (rev)
ETS,22726,GGAA (rev)
ETS,22747,GGAA (rev)
ETS,22840,GGAA (rev)
ETS,22995,GGAA (rev)
ETS,23038,GGAA (rev)
ETS,23223,GGAA (rev)
ETS,23488,GGAA (rev)
ETS,24422,GGAA (rev)
ETS,24437,GGAA (rev)
ETS,24526,GGAA (rev)
ETS,24587,GGAA (rev)
ETS,24629,GGAA (rev)
ETS,24670,GGAA (rev)
ETS,24675,GGAA (rev)
ETS,24774,GGAA (rev)
ETS,24988,GGAA (rev)
ETS,25323,GGAA (rev)
ETS,25435,GGAA (rev)
ETS,25630,GGAA (rev)
ETS,25801,GGAA (rev)
ETS,25995,GGAA (rev)
ETS,26062,GGAA (rev)
ETS,26335,GGAA (rev)
ETS,26556,GGAA (rev)
ETS,26580,GGAA (rev)
ETS,26691,GGAA (rev)
ETS,26840,GGAA (rev)
ETS,28118,GGAA (rev)
ETS,28195,GGAA (rev)
ETS,28259,GGAA (rev)
ETS,28394,GGAA (rev)
ETS,28424,GGAA (rev)
ETS,28430,GGAA (rev)
ETS,29097,GGAA (rev)
ETS,29202,GGAA (rev)
ETS,29206,GGAA (rev)
ETS,29382,GGAA (rev)
ETS,29442,GGAA (rev)
ETS,29716,GGAA (rev)
ETS,30001,GGAA (rev)
ETS,30315,GGAA (rev)
ETS,30712,GGAA (rev)
ETS,30750,GGAA (rev)
ETS,30823,GGAA (rev)
ETS,31041,GGAA (rev)
ETS,31098,GGAA (rev)
ETS,31125,GGAA (rev)
ETS,31243,GGAA (rev)
ETS,31689,GGAA (rev)
ETS,31873,GGAA (rev)
ETS,31953,GGAA (rev)
ETS,32170,GGAA (rev)
ETS,32213,GGAA (rev)
ETS,32261,GGAA (rev)
ETS,32393,GGAA (rev)
ETS,32507,GGAA (rev)
ETS,32823,GGAA (rev)
ETS,33144,GGAA (rev)
ETS,33181,GGAA (rev)
ETS,33381,GGAA (rev)
ETS,33569,GGAA (rev)
ETS,33586,GGAA (rev)
ETS,34564,GGAA (rev)
ETS,34593,GGAA (rev)
ETS,35130,GGAA (rev)
ETS,35183,GGAA (rev)
ETS,35665,GGAA (rev)
ETS,35683,GGAA (rev)
ETS,35761,GGAA (rev)
ETS,35945,GGAA (rev)
ETS,36339,GGAA (rev)
ETS,36446,GGAA (rev)
ETS,36475,GGAA (rev)
ETS,36603,GGAA (rev)
ETS,36954,GGAA (rev)
ETS,37036,GGAA (rev)
ETS,37197,GGAA (rev)
ETS,37215,GGAA (rev)
ETS,37903,GGAA (rev)
ETS,37954,GGAA (rev)
ETS,37978,GGAA (rev)
ETS,38209,GGAA (rev)
ETS,38482,GGAA (rev)
ETS,38499,GGAA (rev)
ETS,38530,GGAA (rev)
ETS,38567,GGAA (rev)
ETS,38575,GGAA (rev)
ETS,38794,GGAA (rev)
ETS,38869,GGAA (rev)
ETS,39137,GGAA (rev)
ETS,39364,GGAA (rev)
ETS,39519,GGAA (rev)
ETS,39684,GGAA (rev)
ETS,39758,GGAA (rev)
ETS,39842,GGAA (rev)
ETS,40089,GGAA (rev)
ETS,40369,GGAA (rev)
ETS,40547,GGAA (rev)
ETS,40729,GGAA (rev)
ETS,40737,GGAA (rev)
ETS,41150,GGAA (rev)
ETS,41774,GGAA (rev)
ETS,42086,GGAA (rev)
ETS,42174,GGAA (rev)
ETS,42219,GGAA (rev)
ETS,42334,GGAA (rev)
ETS,42349,GGAA (rev)
ETS,42451,GGAA (rev)
ETS,42630,GGAA (rev)
ETS,42643,GGAA (rev)
ETS,43585,GGAA (rev)
ETS,43693,GGAA (rev)
ETS,43820,GGAA (rev)
ETS,44106,GGAA (rev)
ETS,44225,GGAA (rev)
ETS,44610,GGAA (rev)
ETS,44621,GGAA (rev)
ETS,44744,GGAA (rev)
ETS,44781,GGAA (rev)
ETS,44904,GGAA (rev)
ETS,45024,GGAA (rev)
ETS,45230,GGAA (rev)
ETS,45682,GGAA (rev)
ETS,46260,GGAA (rev)
ETS,46603,GGAA (rev)
ETS,46632,GGAA (rev)
ETS,46767,GGAA (rev)
ETS,46849,GGAA (rev)
ETS,46900,GGAA (rev)
ETS,46936,GGAA (rev)
ETS,47007,GGAA (rev)
ETS,47237,GGAA (rev)
ETS,47366,GGAA (rev)
ETS,47536,GGAA (rev)
ETS,47557,GGAA (rev)
ETS,47666,GGAA (rev)
ETS,47672,GGAA (rev)
ETS,47677,GGAA (rev)
ETS,47837,GGAA (rev)
ETS,47900,GGAA (rev)
ETS,48156,GGAA (rev)
ETS,48277,GGAA (rev)
ETS,48398,GGAA (rev)
ETS,48855,GGAA (rev)
ETS,48909,GGAA (rev)
ETS,48931,GGAA (rev)
ETS,49003,GGAA (rev)
ETS,49119,GGAA (rev)
ETS,49140,GGAA (rev)
ETS,50223,GGAA (rev)
ETS,50313,GGAA (rev)
ETS,50373,GGAA (rev)
ETS,51141,GGAA (rev)
ETS,51191,GGAA (rev)
ETS,51196,GGAA (rev)
ETS,51203,GGAA (rev)
ETS,51216,GGAA (rev)
ETS,51265,GGAA (rev)
ETS,51394,GGAA (rev)
ETS,51861,GGAA (rev)
ETS,51991,GGAA (rev)
ETS,52203,GGAA (rev)
ETS,52478,GGAA (rev)
ETS,52595,GGAA (rev)
ETS,52732,GGAA (rev)
ETS,52787,GGAA (rev)
ETS,53315,GGAA (rev)
ETS,53738,GGAA (rev)
ETS,53940,GGAA (rev)
ETS,54105,GGAA (rev)
ETS,54538,GGAA (rev)
ETS,54704,GGAA (rev)
ETS,55481,GGAA (rev)
ETS,55560,GGAA (rev)
ETS,55629,GGAA (rev)
ETS,55923,GGAA (rev)
ETS,56414,GGAA (rev)
ETS,56429,GGAA (rev)
ETS,56497,GGAA (rev)
ETS,56852,GGAA (rev)
ETS,56942,GGAA (rev)
ETS,56963,GGAA (rev)
ETS,56967,GGAA (rev)
ETS,57160,GGAA (rev)
ETS,57166,GGAA (rev)
ETS,57292,GGAA (rev)
ETS,57417,GGAA (rev)
ETS,57422,GGAA (rev)
ETS,57718,GGAA (rev)
IRF,196,GAAAGC
IRF,217,GAAAGT
IRF,235,GAAAGG
IRF,369,GAAAAG
IRF,585,GAAATC
IRF,689,GAAAAA
IRF,705,GAAAGG
IRF,789,GAAAGT
IRF,847,GAAAAG
IRF,990,GAAACC
IRF,1277,GAAAAG
IRF,1487,GAAAGG
IRF,1558,GAAACT
IRF,1781,GAAACC
IRF,1839,GAAACA
IRF,1868,GAAAAC
IRF,1955,GAAAAT
IRF,2032,GAAAGT
IRF,2112,GAAAGT
IRF,2133,GAAAGT
IRF,2222,GAAAGC
IRF,2228,GAAATT
IRF,2292,GAAAGG
IRF,2535,GAAACC
IRF,2570,GAAATA
IRF,2577,GAAAAT
IRF,2591,GAAAAA
IRF,2646,GAAAGG
IRF,2735,GAAAAA
IRF,2781,GAAAGG
IRF,2955,GAAATG
IRF,2994,GAAAAG
IRF,3049,GAAAAA
IRF,3384,GAAAAA
IRF,3585,GAAAAA
IRF,3602,GAAAGA
IRF,3832,GAAAGC
IRF,4434,GAAAGA
IRF,4447,GAAACT
IRF,4634,GAAAGA
IRF,4658,GAAAAT
IRF,4674,GAAAGG
IRF,4731,GAAAGA
IRF,4787,GAAATG
IRF,5148,GAAATT
IRF,5487,GAAAAC
IRF,5536,GAAATG
IRF,5665,GAAAAA
IRF,5738,GAAATT
IRF,5756,GAAAGC
IRF,5931,GAAATT
IRF,6079,GAAACT
IRF,6196,GAAACT
IRF,7504,GAAACC
IRF,7673,GAAATT
IRF,7767,GAAATT
IRF,7775,GAAAAG
IRF,7802,GAAATT
IRF,8046,GAAAAG
IRF,8417,GAAATA
IRF,8791,GAAATT
IRF,8800,GAAACA
IRF,8832,GAAAGA
IRF,8889,GAAATC
IRF,9325,GAAAAT
IRF,10210,GAAAAT
IRF,10647,GAAAAC
IRF,10766,GAAAAT
IRF,10843,GAAAGT
IRF,10957,GAAAAA
IRF,11031,GAAATT
IRF,11079,GAAAAA
IRF,11156,GAAATT
IRF,11187,GAAAGA
IRF,11362,GAAAAT
IRF,12272,GAAATT
IRF,12577,GAAACA
IRF,12685,GAAATC
IRF,13217,GAAAGG
IRF,13369,GAAAAT
IRF,13550,GAAATG
IRF,13694,GAAATT
IRF,13859,GAAAGC
IRF,13889,GAAAGT
IRF,14511,GAAACT
IRF,14952,GAAAAA
IRF,14994,GAAATA
IRF,15015,GAAACA
IRF,15130,GAAACC
IRF,15332,GAAAGA
IRF,15340,GAAACA
IRF,15883,GAAAAT
IRF,16535,GAAAGT
IRF,16575,GAAAAG
IRF,16700,GAAATA
IRF,16747,GAAAAT
IRF,16785,GAAATA
IRF,16822,GAAAAT
IRF,16865,GAAAAT
IRF,16919,GAAATA
IRF,17024,GAAATA
IRF,17161,GAAATG
IRF,17181,GAAAAC
IRF,17205,GAAACA
IRF,17253,GAAAAT
IRF,17292,GAAACA
IRF,17681,GAAAAC
IRF,17726,GAAAGT
IRF,17748,GAAAGA
IRF,17803,GAAACA
IRF,17943,GAAAGG
IRF,17953,GAAAGG
IRF,17982,GAAATA
IRF,18049,GAAACA
IRF,18183,GAAAGG
IRF,18189,GAAAGC
IRF,18304,GAAAAT
IRF,18561,GAAACT
IRF,18687,GAAAGC
IRF,18748,GAAAGC
IRF,18799,GAAACA
IRF,19049,GAAATA
IRF,19167,GAAACG
IRF,19176,GAAAGC
IRF,19409,GAAAGC
IRF,19416,GAAAAC
IRF,19458,GAAACA
IRF,19650,GAAAAA
IRF,19828,GAAACA
IRF,20111,GAAATC
IRF,20217,GAAACC
IRF,20325,GAAAGG
IRF,20353,GAAAGG
IRF,20846,GAAAAC
IRF,21750,GAAAGT
IRF,21871,GAAAAT
IRF,22077,GAAAGT
IRF,22105,GAAAGT
IRF,22306,GAAAAC
IRF,22333,GAAAGT
IRF,22497,GAAAGC
IRF,22547,GAAAAT
IRF,22748,GAAATA
IRF,22784,GAAAAC
IRF,22816,GAAATA
IRF,23039,GAAATG
IRF,23224,GAAAAT
IRF,23336,GAAACC
IRF,23393,GAAAAC
IRF,23412,GAAACT
IRF,23446,GAAACA
IRF,23489,GAAAAG
IRF,23788,GAAAAA
IRF,24307,GAAATG
IRF,24438,GAAACA
IRF,24591,GAAATA
IRF,24671,GAAAGG
IRF,24861,GAAAGA
IRF,24877,GAAAAA
IRF,24905,GAAACT
IRF,24989,GAAAAA
IRF,25287,GAAAGA
IRF,25347,GAAACA
IRF,25436,GAAAAA
IRF,25490,GAAATT
IRF,25559,GAAACT
IRF,25802,GAAATA
IRF,25892,GAAATT
IRF,25954,GAAAGA
IRF,26063,GAAAGA
IRF,26081,GAAAAA
IRF,26162,GAAAGA
IRF,26521,GAAAAT
IRF,26557,GAAAAA
IRF,26581,GAAACC
IRF,26642,GAAAAT
IRF,26879,GAAATC
IRF,27011,GAAAGG
IRF,27288,GAAACT
IRF,27403,GAAATC
IRF,27733,GAAATG
IRF,28071,GAAATA
IRF,28235,GAAAAT
IRF,28317,GAAACT
IRF,28358,GAAAAA
IRF,28745,GAAAAT
IRF,29383,GAAATG
IRF,29565,GAAACA
IRF,29584,GAAAAC
IRF,29820,GAAACA
IRF,29838,GAAACT
IRF,30002,GAAAGA
IRF,30316,GAAACA
IRF,30388,GAAAAA
IRF,30445,GAAAAC
IRF,30457,GAAAGT
IRF,30713,GAAATG
IRF,30742,GAAAAC
IRF,30751,GAAACC
IRF,30795,GAAACA
IRF,30831,GAAAAG
IRF,31053,GAAACT
IRF,31066,GAAAGA
IRF,31078,GAAACA
IRF,31099,GAAAGG
IRF,31126,GAAATT
IRF,31172,GAAAAT
IRF,31178,GAAACC
IRF,31306,GAAATT
IRF,31320,GAAAAA
IRF,31666,GAAACA
IRF,31783,GAAAGT
IRF,31812,GAAAGA
IRF,31874,GAAAAA
IRF,32048,GAAATT
IRF,32241,GAAAAT
IRF,32262,GAAATT
IRF,32272,GAAAGA
IRF,32377,GAAACT
IRF,32406,GAAAAA
IRF,32423,GAAAAT
IRF,33043,GAAACA
IRF,33182,GAAAAA
IRF,33208,GAAAGA
IRF,33243,GAAAGT
IRF,33308,GAAATA
IRF,33327,GAAAAA
IRF,33382,GAAATT
IRF,33587,GAAATG
IRF,34432,GAAAAA
IRF,34553,GAAAGC
IRF,34594,GAAAGC
IRF,34834,GAAATG
IRF,35121,GAAAGT
IRF,35170,GAAAAG
IRF,35184,GAAAAA
IRF,35406,GAAAAA
IRF,35684,GAAATA
IRF,35788,GAAAAC
IRF,36147,GAAATG
IRF,36340,GAAAAG
IRF,36421,GAAATA
IRF,36447,GAAAGT
IRF,36614,GAAAAG
IRF,36677,GAAATA
IRF,36801,GAAATA
IRF,37037,GAAAAA
IRF,37198,GAAACA
IRF,37216,GAAACA
IRF,37245,GAAACT
IRF,37291,GAAAGA
IRF,37942,GAAAGA
IRF,38043,GAAATC
IRF,38203,GAAAAT
IRF,38483,GAAATA
IRF,38531,GAAAAA
IRF,38568,GAAACA
IRF,38576,GAAAAT
IRF,38795,GAAATG
IRF,39024,GAAAGA
IRF,39122,GAAAAA
IRF,39138,GAAACA
IRF,39247,GAAATC
IRF,39365,GAAACT
IRF,39674,GAAAAT
IRF,39762,GAAAGG
IRF,39773,GAAATG
IRF,39843,GAAAGT
IRF,39929,GAAAAG
IRF,39947,GAAACG
IRF,40239,GAAAGC
IRF,40311,GAAATG
IRF,40370,GAAATA
IRF,40532,GAAAGA
IRF,40548,GAAACA
IRF,40567,GAAAAT
IRF,40761,GAAACT
IRF,41074,GAAATC
IRF,41151,GAAAGC
IRF,41823,GAAAGA
IRF,42125,GAAAAG
IRF,42137,GAAAAC
IRF,42175,GAAATC
IRF,42452,GAAAGG
IRF,42529,GAAAGT
IRF,42613,GAAATT
IRF,42644,GAAATC
IRF,42840,GAAAGC
IRF,43406,GAAAAT
IRF,43428,GAAAGG
IRF,44226,GAAATA
IRF,44279,GAAAAG
IRF,44298,GAAAGA
IRF,44332,GAAAGG
IRF,44720,GAAAAA
IRF,45025,GAAATA
IRF,45155,GAAAAG
IRF,45231,GAAAGG
IRF,45436,GAAAGA
IRF,45454,GAAAAT
IRF,46117,GAAATG
IRF,46301,GAAATG
IRF,46349,GAAATG
IRF,46378,GAAACC
IRF,46520,GAAATG
IRF,46652,GAAAGC
IRF,46710,GAAACA
IRF,46793,GAAAGG
IRF,46850,GAAAGA
IRF,46860,GAAAAT
IRF,46873,GAAAAT
IRF,46901,GAAATA
IRF,46965,GAAAAT
IRF,46974,GAAACT
IRF,47008,GAAATA
IRF,47022,GAAACA
IRF,47076,GAAAGT
IRF,47150,GAAAAA
IRF,47247,GAAAGT
IRF,47286,GAAAAC
IRF,47326,GAAAGG
IRF,47667,GAAAGG
IRF,47678,GAAACA
IRF,47838,GAAAAG
IRF,48157,GAAAAT
IRF,48197,GAAAAA
IRF,48469,GAAAAT
IRF,48932,GAAATG
IRF,49147,GAAAGG
IRF,49339,GAAATT
IRF,49547,GAAACG
IRF,49704,GAAAAA
IRF,49729,GAAAGA
IRF,49782,GAAAGA
IRF,49798,GAAAAT
IRF,49940,GAAACA
IRF,50038,GAAATG
IRF,50055,GAAACC
IRF,50153,GAAACA
IRF,50525,GAAACA
IRF,50627,GAAAAA
IRF,50797,GAAACC
IRF,51192,GAAAGG
IRF,51204,GAAAGA
IRF,51245,GAAATT
IRF,51395,GAAACC
IRF,51844,GAAAGG
IRF,51986,GAAAGG
IRF,52204,GAAATT
IRF,52915,GAAAGG
IRF,53311,GAAAGG
IRF,53332,GAAAGA
IRF,53363,GAAACA
IRF,53397,GAAAGT
IRF,53481,GAAAAC
IRF,53535,GAAATG
IRF,53733,GAAAAG
IRF,53769,GAAAAG
IRF,53941,GAAATA
IRF,54096,GAAAAT
IRF,54539,GAAAGT
IRF,54675,GAAACC
IRF,55213,GAAATT
IRF,55229,GAAAAC
IRF,55485,GAAAGC
IRF,55492,GAAAGT
IRF,55601,GAAAAC
IRF,55630,GAAACC
IRF,55719,GAAATC
IRF,55813,GAAATT
IRF,55869,GAAAAT
IRF,56157,GAAACA
IRF,56404,GAAAAG
IRF,56433,GAAAGA
IRF,56473,GAAAGA
IRF,56853,GAAAAC
IRF,56914,GAAACG
IRF,56998,GAAAAC
IRF,57161,GAAAGG
IRF,57293,GAAAGC
IRF,57618,GAAAGG
CREB,1861,TGACG
CREB,14047,TGACG
CREB,16659,TGACG
CREB,19062,TGACG
CREB,21597,TGACG
CREB,21861,TGACG
CREB,22110,TGACG
CREB,22184,TGACG
CREB,22631,TGACG
CREB,28509,TGACG
CREB,29341,TGACG
CREB,31598,TGACG
CREB,32397,TGACG
CREB,41703,TGACG
CREB,44345,TGACG
CREB,49687,TGACG
CREB,50297,TGACG
CREB,53587,TGACG
CREB,23565,CGTCA (rev)
CREB,39897,CGTCA (rev)
CREB,43840,CGTCA (rev)
CREB,49690,CGTCA (rev)
